"","gz11","gz12","gz1","gz2","gz","gze"
"1",-3.39606353457436,-1.79546093355701,-3.53861722846586,1,-5.07723445693172,-4.64405348056253
"2",-1.94160748967507,-2.46951195577215,-3.14085613347614,1,-4.28171226695229,-4.48807468409954
"3",-1.39070094670149,-2.80255676280456,-3.05040764097444,1,-4.10081528194887,-4.32517816737767
"4",-1.22567106691397,-2.69851730173958,-2.86544496054136,1,-3.73088992108271,-3.52678044429926
"5",-1.14801191183674,-2.62988210905328,-2.76316440665214,1,-3.52632881330429,-2.91623044104602
"6",-2.72968034122695,-1.31139724745202,-2.74220537242135,1,-3.48441074484269,-2.81322887099477
"7",-2.87404249339871,-1.00807402519278,-2.59855485651306,1,-3.19710971302611,-2.45431674908024
"8",-0.766334615072354,-2.70591948884825,-2.58066878998888,1,-3.16133757997776,-2.44094582302343
"9",-1.81225823172892,-1.72759048682047,-2.48435858103493,1,-2.96871716206986,-2.40845729233632
"10",-2.7322195229558,-0.809315889170613,-2.35490074413957,1,-2.70980148827915,-2.3564496223488
"11",-0.849268796129039,-2.2975695830048,-2.31681449464145,1,-2.6336289892829,-2.32071432315269
"12",-1.47365577946832,-1.72338192040926,-2.26694764541814,1,-2.53389529083627,-2.25108335213703
"13",-0.944793914899987,-2.12422671265601,-2.24295907444738,1,-2.48591814889476,-2.20714035919697
"14",-2.90667395407155,-0.520323978561534,-2.24138324279099,1,-2.48276648558198,-2.20400865382488
"15",-0.475593078869057,-2.49482352199397,-2.2332734642095,1,-2.46654692841899,-2.18741772360157
"16",-1.50706262771632,-1.59052745209029,-2.18516736274668,1,-2.37033472549335,-2.07366286047265
"17",-3.23315213292314,-0.173878197595561,-2.17951042508495,1,-2.3590208501699,-2.05875637156971
"18",-1.82935971226393,-1.286853033261,-2.15378074346812,1,-2.30756148693625,-1.98791871012591
"19",-0.968514317872049,-1.9187894692441,-2.09883017004411,1,-2.19766034008822,-1.82842746915879
"20",-2.14763900113752,-0.942588041850203,-2.08841172476472,1,-2.17682344952944,-1.79837433613724
"21",-1.94824604732137,-1.06333043700528,-2.05583120519853,1,-2.11166241039705,-1.70752730988463
"22",-0.218379262260984,-2.46099691417394,-2.04439518523109,1,-2.08879037046218,-1.67713173750021
"23",-1.42836843555519,-1.46441965734503,-2.03771410780038,1,-2.07542821560076,-1.65978547796841
"24",-1.46469245667068,-1.43123669611479,-2.03498402465607,1,-2.06996804931214,-1.65278685114499
"25",-2.16534620996324,-0.857579524420703,-2.03376343248538,1,-2.06752686497076,-1.64967477469054
"26",-0.994340076295665,-1.77029223224064,-2.00013834865365,1,-2.0002766973073,-1.56803160503438
"27",-0.848196596885468,-1.84372708019786,-1.96459148526394,1,-1.92918297052789,-1.48949905066509
"28",-0.299720491875069,-2.26545995084697,-1.94437761537628,1,-1.88875523075256,-1.44762230196301
"29",-0.817782462924957,-1.81955357878794,-1.92663118431257,1,-1.85326236862515,-1.41207600726648
"30",-1.17194831284112,-1.49653254381251,-1.90041431756255,1,-1.80082863512511,-1.36107968796059
"31",-1.91889413176211,-0.832662942726515,-1.85859315105668,1,-1.71718630211335,-1.28227944647733
"32",-2.7042030254467,-0.178125806631619,-1.84826381970877,1,-1.69652763941754,-1.26321206238808
"33",-1.76622921343046,-0.943771754899835,-1.84810389474318,1,-1.69620778948637,-1.26291808995133
"34",-1.80603125680195,-0.898434834046312,-1.83815908937292,1,-1.67631817874585,-1.24471515964783
"35",-1.82993766963068,-0.871154473061686,-1.83214755566314,1,-1.66429511132628,-1.23378884332699
"36",-0.20899117251275,-2.17533826609031,-1.81718739858899,1,-1.63437479717799,-1.20687497711938
"37",-0.74691131008606,-1.72014477359882,-1.80480660224524,1,-1.60961320449049,-1.18493514086183
"38",-0.0343732572490637,-2.3006492128287,-1.80381477405134,1,-1.60762954810268,-1.18319187537132
"39",-1.25816245001572,-1.28944771044733,-1.79453370338304,1,-1.58906740676609,-1.16698996180947
"40",-2.16246900261166,-0.507001243122408,-1.760386957777,1,-1.520773915554,-1.10933476982519
"41",-2.75704972232067,-0.0122054052994967,-1.75316561526535,1,-1.5063312305307,-1.09758468876167
"42",-1.51835138330586,-1.00779108744732,-1.74092135157072,1,-1.48184270314145,-1.07804863744998
"43",-1.23686021484532,-1.23234363505469,-1.73682836030559,1,-1.47365672061118,-1.07162964619714
"44",0.226301532497161,-2.41623966533926,-1.72848554072542,1,-1.45697108145084,-1.05872202916808
"45",-1.99546214753883,-0.594068160154917,-1.72220429233315,1,-1.4444085846663,-1.04916136701501
"46",0.327996007514467,-2.47080323178063,-1.70643306425088,1,-1.41286612850177,-1.02575249347532
"47",-1.20166579640511,-1.20190962555543,-1.69099537327658,1,-1.38199074655316,-1.00364838719448
"48",-2.65174124837268,-0.0139196280100432,-1.68789051954885,1,-1.3757810390977,-0.999295972065794
"49",-1.16650462962559,-1.21989096638758,-1.68268578555119,1,-1.36537157110238,-0.992067191757815
"50",-0.501258060594761,-1.7616078407737,-1.68155899937262,1,-1.36311799874524,-0.990513094158232
"51",-1.51328812003373,-0.91686259111194,-1.6672861523036,1,-1.33457230460719,-0.971145823161931
"52",-0.294293858763713,-1.88947036698684,-1.64970523191714,1,-1.29941046383428,-0.948016906700211
"53",-2.85575865501923,0.207753589223598,-1.6452151212844,1,-1.2904302425688,-0.942219519395194
"54",-1.34099319210003,-0.978920708690183,-1.60638728316609,1,-1.21277456633218,-0.893274081994531
"55",-1.11444896479736,-1.15312952883118,-1.59804970519193,1,-1.19609941038386,-0.882888491095235
"56",-2.18003964894867,-0.282623264582085,-1.59769717542578,1,-1.19539435085156,-0.882449164936658
"57",-1.68721988054335,-0.682177054413072,-1.59550362138817,1,-1.19100724277634,-0.879714656214073
"58",-0.783775139422381,-1.39334356183694,-1.57498220490611,1,-1.14996440981222,-0.853967738752317
"59",-1.94779407157618,-0.44113456877182,-1.57359450348868,1,-1.14718900697736,-0.852209703162642
"60",-1.23140277909061,-1.02350387559526,-1.57161019278934,1,-1.14322038557868,-0.849690750519157
"61",-1.85195684624858,-0.516146910726457,-1.57108603038555,1,-1.1421720607711,-0.849024317043807
"62",-0.673086820504489,-1.4784509780993,-1.57090068643955,1,-1.1418013728791,-0.848788558667185
"63",-0.425510899920945,-1.65972443605403,-1.55473374262178,1,-1.10946748524356,-0.82797133342276
"64",-0.911195416629811,-1.23286573019868,-1.53126427024512,1,-1.06252854049024,-0.796566551749602
"65",0.405002805433516,-2.30102034891064,-1.52621643333747,1,-1.05243286667494,-0.789580574610585
"66",-0.575546318478704,-1.4985590490505,-1.52478630111967,1,-1.04957260223935,-0.787584539679154
"67",-1.09777217457042,-1.06842583767258,-1.52189117991242,1,-1.04378235982485,-0.783520372605868
"68",-0.377237647496313,-1.64836919835481,-1.5154073277763,1,-1.0308146555526,-0.77430049731627
"69",-0.855364633737507,-1.25438297630333,-1.51262096991102,1,-1.02524193982204,-0.770286482913582
"70",-2.02329764533368,-0.297296096606308,-1.50993035495174,1,-1.01986070990347,-0.766379821850045
"71",-0.232615685678704,-1.73896917099195,-1.49411880500929,1,-0.988237610018575,-0.742784284188829
"72",-0.935948601168394,-1.14243786712326,-1.47687443719715,1,-0.953748874394305,-0.715723743305682
"73",-1.46286446232819,-0.686451696052644,-1.45691991917248,1,-0.91383983834496,-0.6825706464106
"74",-0.567692455293591,-1.38871811764185,-1.43473666228489,1,-0.869473324569776,-0.643339557172403
"75",-1.10976723139873,-0.941571827186673,-1.43121682595824,1,-0.862433651916477,-0.636886709648904
"76",-0.542220460211763,-1.39134607838695,-1.42066236772351,1,-0.841324735447018,-0.617172453268734
"77",-0.815032650724957,-1.15817960473758,-1.41259397295222,1,-0.825187945904438,-0.601741676730332
"78",-0.994940104813448,-0.997979017535399,-1.40228659628724,1,-0.804573192574478,-0.581593377799021
"79",-0.574739960134649,-1.34099671157092,-1.40222905351459,1,-0.804458107029185,-0.581479568301891
"80",-1.42655717369774,-0.634552537330085,-1.39375625814208,1,-0.787512516284152,-0.564566955574609
"81",-1.28583853233299,-0.748765705392423,-1.39322711451528,1,-0.786454229030564,-0.563500723468237
"82",-0.579956989019402,-1.32506463249011,-1.39318765690345,1,-0.786375313806895,-0.563421169678534
"83",-1.91855819930986,-0.228459773767188,-1.39036692649782,1,-0.780733852995635,-0.557717610930318
"84",-1.25399903928352,-0.766891625075395,-1.38713032801236,1,-0.774260656024728,-0.551133810592607
"85",-1.62791988910102,-0.455522843071755,-1.38243341657638,1,-0.764866833152761,-0.541506832481727
"86",-1.51961751308999,-0.541293676425184,-1.38037478156944,1,-0.760749563138887,-0.53726102613784
"87",-0.998386444859704,-0.963286580156648,-1.37759360667331,1,-0.755187213346626,-0.531500259540926
"88",-0.0749470883385233,-1.71007770559104,-1.37202119552445,1,-0.744042391048908,-0.519875094047916
"89",-0.577929195287818,-1.29655338532657,-1.36982045045128,1,-0.739640900902561,-0.515254566047632
"90",-0.490685896690943,-1.34801156974918,-1.35450228187979,1,-0.709004563759584,-0.482672719908178
"91",-0.260639392099399,-1.5315660903289,-1.35118881769113,1,-0.702377635382256,-0.475536605544299
"92",-0.746699804956649,-1.10547708056691,-1.32855328694323,1,-0.657106573886462,-0.426114244343401
"93",-2.86434683706673,0.632758985813028,-1.32143899992262,1,-0.64287799984525,-0.410388785806642
"94",-0.989355329598254,-0.897241918335977,-1.3207238527983,1,-0.641447705596606,-0.408804184472607
"95",-1.76325506654115,-0.255698649877189,-1.31324374374477,1,-0.626487487489549,-0.392194914987611
"96",-0.350279624235713,-1.40050545611716,-1.30636314766943,1,-0.612726295338862,-0.376871319117455
"97",-1.01496200949201,-0.853246926443926,-1.30284056497124,1,-0.605681129942471,-0.369014220917858
"98",-1.12376279439532,-0.75361436744629,-1.29447717492536,1,-0.588954349850727,-0.350340746528355
"99",-0.152260048921635,-1.54517349785235,-1.29318395508485,1,-0.586367910169705,-0.347452106702662
"100",-2.66134597494101,0.511532657370361,-1.28695149189967,1,-0.573902983799347,-0.333531709037818
"101",-1.247231318762,-0.635935197761216,-1.28141163331595,1,-0.562823266631894,-0.321165646843432
"102",-1.40779008143908,-0.498253507673459,-1.27631013243003,1,-0.552620264860067,-0.309790691715461
"103",-1.12713286976328,-0.725741643142639,-1.27501847832691,1,-0.550036956653823,-0.306913258504026
"104",-0.546631855784187,-1.19283611294439,-1.26968722121422,1,-0.539374442428448,-0.295050721158608
"105",-0.651113609237535,-1.10143502790685,-1.26496830814723,1,-0.52993661629447,-0.284573096168703
"106",-0.752196518946083,-1.01735553089851,-1.26377105525231,1,-0.527542110504626,-0.281918653883317
"107",-0.198416273822079,-1.45982804429576,-1.25626741080109,1,-0.512534821602175,-0.265323672590941
"108",-1.69108322753688,-0.222733226964968,-1.24206335812154,1,-0.484126716243073,-0.234150282640231
"109",0.700733515544461,-2.17242975111205,-1.239574060985,1,-0.479148121969998,-0.228725540432619
"110",0.0231465554333402,-1.61559405119093,-1.23679460386751,1,-0.473589207735019,-0.222683695118101
"111",1.15777896011788,-2.53983290017942,-1.23510239671017,1,-0.470204793420338,-0.21901342081115
"112",-0.701743487103139,-1.01651371851482,-1.23120969108683,1,-0.462419382173669,-0.210594875482515
"113",-1.75799914534674,-0.141922550816102,-1.22178901993743,1,-0.443578039874851,-0.190372374360409
"114",0.649439317610584,-2.10171858061714,-1.21724272308599,1,-0.434485446171978,-0.180695540650171
"115",-0.604068922847656,-1.07776742249944,-1.21688178766967,1,-0.433763575339337,-0.179929706480266
"116",-0.361267142653458,-1.27062735538287,-1.21270912023987,1,-0.425418240479732,-0.17110278085657
"117",0.0146431224111012,-1.57070404826169,-1.20740100037247,1,-0.41480200074494,-0.159947063648828
"118",0.0365833213445593,-1.57658352599816,-1.19807902405464,1,-0.396158048109275,-0.140565028505412
"119",-0.897186541993694,-0.78473201135384,-1.17528139399193,1,-0.350562787983861,-0.0943930766539537
"120",-1.96290871320897,0.0893679839761355,-1.17222833182138,1,-0.344456663642758,-0.0883512952824454
"121",-1.65904097034683,-0.128016240583782,-1.14843059313139,1,-0.296861186262774,-0.0424847526814969
"122",-0.965903210133575,-0.683013190437112,-1.13995057101865,1,-0.279901142037303,-0.0266841246859303
"123",-1.05338280794309,-0.607116582771195,-1.13648826708861,1,-0.272976534177221,-0.0203169267299078
"124",-1.12967785339758,-0.538184376287948,-1.13134683310768,1,-0.262693666215361,-0.0109523119088927
"125",0.103696546086221,-1.53246954734498,-1.12146235286241,1,-0.242924705724813,0.00674607256520541
"126",0.60529051576044,-1.90400399296573,-1.09201581599353,1,-0.184031631987065,0.0570951364923677
"127",-1.12433961794016,-0.48596317004738,-1.08752026414362,1,-0.175040528287232,0.0644731194782451
"128",-0.700970331629097,-0.830793703791178,-1.08686259981375,1,-0.173725199627491,0.065545734760441
"129",-1.28762030600621,-0.346327649320064,-1.08262682932208,1,-0.165253658644155,0.0724132040027921
"130",-0.0327081772655874,-1.37077402747971,-1.08248346362288,1,-0.164966927245751,0.0726444111651333
"131",-1.24428785134423,-0.37773280006431,-1.07954730381803,1,-0.159094607636053,0.0773619474068902
"132",-0.644007859466443,-0.863616260929446,-1.07626061261145,1,-0.152521225222901,0.0826030227084886
"133",-1.60708093984972,-0.0664725139843923,-1.06789661876225,1,-0.135793237524501,0.0957542726585043
"134",-0.0332586101133057,-1.34596399453493,-1.06361381903963,1,-0.127227638079259,0.102386630244912
"135",-1.07754212275943,-0.492418911537055,-1.06292352528663,1,-0.125847050573262,0.103449271560705
"136",-1.29520173194588,-0.313273546662197,-1.06181814627477,1,-0.12363629254955,0.105147253260907
"137",0.63667441103895,-1.88767003416428,-1.05951466772475,1,-0.119029335449491,0.108671306882964
"138",-1.58710298765404,-0.0444453009529351,-1.03819924653055,1,-0.076398493061105,0.140393701375705
"139",-1.18776528245719,-0.366968359144048,-1.03546119235759,1,-0.0709223847151721,0.144357159891402
"140",-0.701182951676618,-0.748665712680519,-1.02338100417321,1,-0.0467620083464197,0.161559944203936
"141",-1.41916292618524,-0.160039246722623,-1.02152331098221,1,-0.043046621964427,0.164165683940723
"142",-1.38894908467684,-0.184484324658418,-1.02134947572465,1,-0.0426989514493088,0.164408992654328
"143",-0.781352284302082,-0.679060593946406,-1.02016864895803,1,-0.0403372979160608,0.166059373923851
"144",-1.84897031117903,0.19405436578312,-1.01907763648383,1,-0.0381552729676669,0.167580582790184
"145",-1.30285910852947,-0.249985669807796,-1.01763851784115,1,-0.0352770356822987,0.16958185120399
"146",-2.34569770262935,0.611019988148571,-1.01025544084676,1,-0.0205108816935247,0.179756102103862
"147",-1.16388240018636,-0.350530615768238,-1.00762371007574,1,-0.0152474201514754,0.183346218846508
"148",0.186492083080971,-1.44677720164833,-1.00272085190627,1,-0.00544170381253561,0.189985191085236
"149",-0.365852248191901,-0.995334123414981,-1.00236777505556,1,-0.00473555011112214,0.190460865174921
"150",-1.44820491038647,-0.0944981094368657,-0.989123127911671,1,0.0217537441766571,0.208080359626414
"151",-0.348324928959338,-0.992183478143778,-0.988842045712171,1,0.0223159085756582,0.208449742613422
"152",-0.952685454939293,-0.497599498646935,-0.987970100532523,1,0.024059798934954,0.209594455369827
"153",-0.440547872353227,-0.90974629384758,-0.983313388064584,1,0.0333732238708326,0.215678986211967
"154",-0.64906975160576,-0.733724944904011,-0.978848653540825,1,0.0423026929183505,0.221468373262843
"155",-1.38098453629771,-0.132424893005669,-0.975987190681295,1,0.0480256186374096,0.225156902792595
"156",-0.348860909964869,-0.972204424209436,-0.973705321232046,1,0.052589357535907,0.228086454214095
"157",-0.109940544035991,-1.16513415344286,-0.972041539746689,1,0.055916920506621,0.230216006189459
"158",-0.871449472185395,-0.534988455594302,-0.965553315357472,1,0.0688933692850564,0.238470400200343
"159",-0.933299832093657,-0.476484506031737,-0.959353953171091,1,0.0812920936578186,0.246286701964346
"160",0.362666955663951,-1.52922697730657,-0.955163400740413,1,0.0896731985191748,0.251533790171972
"161",-1.58139680993034,0.0596163846924799,-0.953984507765836,1,0.0920309844683271,0.253004869127366
"162",-0.354959345255063,-0.941731487340125,-0.953958074967105,1,0.0920838500657895,0.253037828475946
"163",-0.191392168556024,-1.06278969190073,-0.94428039124167,1,0.111439217516661,0.26503565899091
"164",-1.15780854769441,-0.2621265574552,-0.93530477934974,1,0.12939044130052,0.276050362960252
"165",-0.60615111526422,-0.712337724983842,-0.935138055244777,1,0.129723889510445,0.2762540369517
"166",-0.632729895584955,-0.685497112420319,-0.931157302801229,1,0.137685394397543,0.281107722209941
"167",-0.953610095681196,-0.421149700307388,-0.929337135526887,1,0.141325728946226,0.283321302683145
"168",-0.901342155259083,-0.447064457436301,-0.916353472015173,1,0.167293055969654,0.29901917734904
"169",-0.459120892943841,-0.803516181803272,-0.912774506721022,1,0.174450986557956,0.30332154498361
"170",-1.02365572296388,-0.339791441068171,-0.910618043374606,1,0.178763913250788,0.305909477516983
"171",-0.47471847352936,-0.786699029181895,-0.909612772442031,1,0.180774455115939,0.307114821521984
"172",-0.365088768214911,-0.871242573187604,-0.905764006433378,1,0.188471987133243,0.311723755454183
"173",0.0659934937044614,-1.21182644809146,-0.896938780218765,1,0.206122439562469,0.322262016525112
"174",-0.840795801424047,-0.471334947372669,-0.896860436253306,1,0.206279127493389,0.32235540829493
"175",0.15344473686401,-1.27240641820508,-0.888554800772043,1,0.222890398455915,0.332244148587326
"176",-0.122712284955754,-1.04482349482513,-0.886926862505552,1,0.226146274988896,0.33418004544447
"177",-0.304613889457735,-0.894997540895107,-0.885916853678508,1,0.228166292642984,0.33538082182582
"178",0.444503373594371,-1.47985495551724,-0.865162101866766,1,0.269675796266468,0.360036481052663
"179",-1.03494587124924,-0.271786162316755,-0.865081897703481,1,0.269836204593039,0.360131794149858
"180",-0.83717168026894,-0.431887946853387,-0.864012825566195,1,0.27197434886761,0.361402360451644
"181",-1.1357351813807,-0.186329127233438,-0.862631919727189,1,0.274736160545621,0.363043836384808
"182",1.36213066084498,-2.22479801829053,-0.861834062898801,1,0.276331874202398,0.363992416036257
"183",-1.8222354175631,0.37759884243115,-0.859996064848867,1,0.280007870302266,0.366178160150776
"184",-0.414419706341893,-0.771595895986398,-0.859777646891164,1,0.280444706217672,0.366437955108024
"185",-0.23462108692271,-0.915339103442913,-0.857406025109388,1,0.285187949781223,0.369259650619189
"186",-0.115244480129169,-1.00751560150735,-0.853305238130459,1,0.293389523739083,0.374142577035121
"187",-0.773353423943695,-0.454807269625633,-0.841403847389203,1,0.317192305221594,0.388351281817254
"188",0.0704209721478317,-1.14138583460014,-0.839575532394594,1,0.320848935210812,0.390540141830142
"189",-1.10888962442678,-0.175221110008428,-0.837049065576787,1,0.325901868846427,0.39356795555414
"190",-0.477192699753547,-0.690938096240395,-0.837001510805078,1,0.325996978389845,0.39362498312676
"191",-0.622871594878875,-0.566992648016723,-0.833129202565945,1,0.33374159486811,0.398273369843588
"192",0.190691323925256,-1.2277217880019,-0.830385425014116,1,0.339229149971767,0.401572995766536
"193",-0.364457713905061,-0.7633421566555,-0.821785589388563,1,0.356428821222874,0.411950589096655
"194",0.110528815395276,-1.14722212118992,-0.818729873207992,1,0.362540253584015,0.415652184634631
"195",-1.13637355399084,-0.126081743802067,-0.816368239479512,1,0.367263521040976,0.418518511217975
"196",-0.276649804199181,-0.822583909958771,-0.812139455927505,1,0.37572108814499,0.423663645938603
"197",-0.564451999093283,-0.585825671532199,-0.81076940331901,1,0.378461193361979,0.425334197006997
"198",-0.847350073129572,-0.353548652484766,-0.809768849949452,1,0.380462300101096,0.426555358524541
"199",-1.45829242499569,0.146033006806613,-0.80918843083961,1,0.38162313832078,0.427264204158453
"200",-0.641191762323999,-0.518092832189153,-0.80683825934784,1,0.386323481304321,0.430137839990515
"201",-1.83498025077253,0.458311962342977,-0.805536491269228,1,0.388927017461544,0.431731984346236
"202",-0.283837160611358,-0.803423311765026,-0.801843403709535,1,0.39631319258093,0.436264249706659
"203",0.95905119808221,-1.81660250287144,-0.800577012329341,1,0.398845975341318,0.43782179349905
"204",-1.65010093484436,0.313800977557755,-0.800546272635298,1,0.398907454729405,0.437859622419645
"205",0.313478715882576,-1.28646358554285,-0.7982290604272,1,0.4035418791456,0.440714269635443
"206",-1.1082542547003,-0.125385058295726,-0.798044382813585,1,0.403911234372829,0.440942040175792
"207",0.104808717855571,-1.11484260851158,-0.797266517868447,1,0.405466964263105,0.441901840164973
"208",-0.492279968227887,-0.626339460313276,-0.796505648988261,1,0.406988702023478,0.442841340709908
"209",0.547612245301063,-1.47450209721246,-0.795804019340311,1,0.408391961319378,0.443708287817042
"210",1.4254206900636,-2.19094557032428,-0.795583940356583,1,0.408832119286834,0.443980339691813
"211",-0.771958641961308,-0.394941936581473,-0.794150222229423,1,0.411699555541154,0.445754029673755
"212",-0.781906646699876,-0.382341983903436,-0.79068201148202,1,0.41863597703596,0.450054795864866
"213",-0.789646852263761,-0.372533049491761,-0.787979379385885,1,0.42404124122823,0.453416418144391
"214",-0.649043017379116,-0.481488509597273,-0.783450242681345,1,0.43309951463731,0.459070659878772
"215",-0.0168808623279884,-0.993806364413936,-0.780475494510858,1,0.439049010978284,0.462798964775402
"216",-0.0545460246273611,-0.961999753130723,-0.779659739612207,1,0.440680520775586,0.463823434271369
"217",-1.75726622410175,0.430424101243275,-0.777987669504784,1,0.444024660990431,0.465926137601011
"218",-1.52710702225461,0.242715322372917,-0.777820803948468,1,0.444358392103064,0.466136188553489
"219",-0.0995100657082667,-0.916749830760485,-0.773047056984993,1,0.453905886030014,0.472161826362688
"220",0.133177627584607,-1.10519517162821,-0.771851571495978,1,0.456296857008043,0.473675871851685
"221",-1.13460804353385,-0.0673905675381333,-0.769789642976219,1,0.460420714047562,0.476292090208904
"222",-1.10259632518001,-0.0903226169955269,-0.767306743742011,1,0.465386512515979,0.47945070629791
"223",-1.1009291916684,-0.0913821692214472,-0.767073081555035,1,0.46585383688993,0.479748429225721
"224",-0.509631657179118,-0.57269013320377,-0.765923230569525,1,0.46815353886095,0.481214711347205
"225",-0.539321850960138,-0.547284473328022,-0.765021818353846,1,0.469956363292308,0.482365574528318
"226",-0.187343624118674,-0.833761152470173,-0.764315123111429,1,0.471369753777141,0.483268694711748
"227",-0.317059114961199,-0.717006859072733,-0.755916916099948,1,0.488166167800104,0.494060215855529
"228",-1.21214666562853,0.0143565068442307,-0.755508361929456,1,0.488983276141087,0.494588033360986
"229",0.200945267574023,-1.13771720642595,-0.754183012523089,1,0.491633974953822,0.49630211989778
"230",-0.274704218225806,-0.737498809228097,-0.745002323687542,1,0.509995352624916,0.508254714247333
"231",-0.829726095585463,-0.28144161249241,-0.742768594848302,1,0.514462810303396,0.511184264981452
"232",-0.32611347678341,-0.687655343546106,-0.738907811159325,1,0.522184377681349,0.516267966891146
"233",-1.55285901110546,0.319072093426615,-0.734962091225829,1,0.530075817548343,0.521490447129239
"234",-0.0677702616560359,-0.892743396974167,-0.734377738675246,1,0.531244522649507,0.522266229467643
"235",-0.148720478130092,-0.82086236592787,-0.729896343673482,1,0.540207312653036,0.528236063099538
"236",-0.743967585584992,-0.325996174877839,-0.723041966402804,1,0.553916067194393,0.53743786283774
"237",0.18817357373771,-1.08422184363066,-0.72082321110221,1,0.55835357779558,0.540435144513709
"238",-0.566641466026189,-0.467597541058284,-0.72057502771719,1,0.55884994456562,0.540770985651869
"239",-0.0521051168711336,-0.87767332936769,-0.712797007022706,1,0.574405985954589,0.551355392234822
"240",-0.181255287869961,-0.772208192402169,-0.71278580331942,1,0.57442839336116,0.55137072181932
"241",0.75722337664623,-1.53580569188448,-0.710719859990701,1,0.578560280018599,0.554201616293598
"242",-0.490282741813956,-0.51685447834696,-0.710435789730975,1,0.579128420538051,0.554591514883758
"243",-0.245763179128733,-0.704902914336612,-0.701449731793904,1,0.597100536412191,0.567006766575251
"244",-1.26956059300372,0.133286854905326,-0.699697066433819,1,0.600605867132361,0.569446860254787
"245",-0.26767327223427,-0.681742229459451,-0.697366702022674,1,0.605266595954652,0.572700732867432
"246",-0.169994076854541,-0.754784223078487,-0.692167039512229,1,0.615665920975543,0.58000032190596
"247",-0.426542449077482,-0.524534591681154,-0.676071879184409,1,0.647856241631182,0.602944991746535
"248",-2.3445134046903,1.04458871254934,-0.673665535255521,1,0.652668929488958,0.606421315350894
"249",-0.700870700550263,-0.293281639711982,-0.670444533073914,1,0.659110933852172,0.61109339798195
"250",0.128434032925753,-0.969922288720677,-0.670069759640825,1,0.65986048071835,0.611638414217267
"251",-0.897472359354659,-0.129512272555003,-0.667931133468169,1,0.664137733063661,0.614754136830456
"252",0.506272623207687,-1.2696509021392,-0.663272438631566,1,0.673455122736867,0.621574433929772
"253",-0.15339841246697,-0.727743463954682,-0.660725337811475,1,0.67854932437705,0.625322617339946
"254",-0.46589754040611,-0.472327615655724,-0.660522874668423,1,0.678954250663154,0.625621136301538
"255",-0.611230697881371,-0.353333911626655,-0.660267507299949,1,0.679464985400101,0.625997781988242
"256",-1.05468021797766,0.0111900179112717,-0.658370587783634,1,0.683258824432733,0.628799871577186
"257",-1.14127912749709,0.0836857482072841,-0.65698559595576,1,0.686028808088479,0.630850531555905
"258",-1.19452787960251,0.127302307142099,-0.65687782252404,1,0.68624435495192,0.631010273320704
"259",-0.366523932873933,-0.54052232706796,-0.650496883166356,1,0.699006233667288,0.640511683720392
"260",0.116845344986082,-0.93387331490966,-0.649475674393695,1,0.70104865121261,0.642040254963562
"261",0.0236266149214088,-0.857563921767343,-0.649323374152374,1,0.701353251695253,0.642268410110385
"262",0.102936391849009,-0.918611562008984,-0.646450765786384,1,0.707098468427232,0.646580908359754
"263",-0.44259951077578,-0.468473748674202,-0.642802714415649,1,0.714394571168702,0.652082595587046
"264",-0.656468896184539,-0.29243545750424,-0.641706916350846,1,0.716586167298308,0.653740660868983
"265",-0.106086123466453,-0.739560767400089,-0.63995606278815,1,0.720087874423699,0.656395144558938
"266",1.12648272900916,-1.73797907889925,-0.633782572024506,1,0.732434855950987,0.665806269495437
"267",0.00626521125563042,-0.821499446729285,-0.632368267702243,1,0.735263464595515,0.667973564601232
"268",0.668714328525034,-1.34606107639242,-0.619722349943328,1,0.760555300113343,0.687538333500641
"269",0.222514088542642,-0.98074015987746,-0.618947794978215,1,0.76210441004357,0.688747500745809
"270",1.61224179372707,-2.10522554512556,-0.611029453837764,1,0.777941092324471,0.701180230157841
"271",-0.848509808508819,-0.0952759118641263,-0.610445126365135,1,0.779109747269731,0.702102824057119
"272",0.022362526076024,-0.806270323727277,-0.610391003940373,1,0.779217992119254,0.702188313459444
"273",0.603388012483792,-1.27977435178085,-0.609692863811949,1,0.780614272376102,0.703291605332838
"274",-0.514396508991294,-0.36662553675557,-0.60931983740009,1,0.78136032519982,0.703881521199789
"275",-1.13804602678007,0.143960372615762,-0.608252280215069,1,0.783495439569861,0.705571370743558
"276",0.169026413766175,-0.920461539336833,-0.606084752088969,1,0.787830495822062,0.709009574404369
"277",-0.885339190903023,-0.0548984077649582,-0.602461792814233,1,0.795076414371534,0.714777900843831
"278",0.0937460210527718,-0.851094240778516,-0.599964574496677,1,0.800070851006647,0.718769456398826
"279",-0.334036649997458,-0.489716078768391,-0.590595770680885,1,0.818808458638231,0.733857162602771
"280",0.37414397250319,-1.06433739783372,-0.587802778124448,1,0.824394443751104,0.738389222845193
"281",-0.415751788401515,-0.41656086431152,-0.58561117655949,1,0.82877764688102,0.741956346224806
"282",0.420305849423153,-1.0926908981714,-0.580569970620265,1,0.83886005875947,0.750197819315436
"283",0.319052357931912,-1.00978336066056,-0.580388399040714,1,0.839223201918572,0.750495595415873
"284",-1.05655032211723,0.122851321321026,-0.573060871787819,1,0.853878256424362,0.762566812543525
"285",0.253816791504093,-0.941297475092687,-0.568598055062412,1,0.862803889875176,0.769970198303171
"286",-2.07823754188738,0.967041049200079,-0.565326054516569,1,0.869347890966861,0.775422676165224
"287",0.100522398375063,-0.807239861551086,-0.561709361090826,1,0.876581277818348,0.781473567581458
"288",-0.226053986228165,-0.53841053936949,-0.560020104608385,1,0.879959790783231,0.784308370961265
"289",-0.221644782701794,-0.53875862726501,-0.557501107170742,1,0.884997785658515,0.788545724141257
"290",0.906561434864075,-1.45884289303798,-0.556655051285655,1,0.88668989742869,0.789971638150136
"291",-1.03288699095086,0.125916760351719,-0.555720388222367,1,0.888559223555266,0.791548470728922
"292",-0.0185621399511091,-0.699691973241641,-0.553718800066439,1,0.892562399867122,0.794930849069014
"293",-0.280623001957454,-0.479528257689501,-0.548922561217348,1,0.902154877565303,0.803066592233373
"294",-0.506330291221321,-0.286404438828977,-0.542079318092048,1,0.915841363815904,0.814749445550034
"295",0.506500373524185,-1.11094396015737,-0.540194528039349,1,0.919610943921302,0.817982534854506
"296",1.42170485426206,-1.85749538722913,-0.539644640081934,1,0.920710719836133,0.818927034060772
"297",0.080059641091988,-0.761037099283353,-0.538862639372827,1,0.922274721254346,0.820271181965987
"298",-0.582075924689333,-0.220263599951726,-0.538752589511131,1,0.922494820977737,0.820460433093965
"299",-0.933503340589868,0.0699684666060241,-0.536202010743018,1,0.927595978513963,0.824852912858146
"300",-1.06864272367458,0.180546430457113,-0.536018338680005,1,0.92796332263999,0.825169688457903
"301",-1.07889349906152,0.190175540777561,-0.535042821499129,1,0.929914357001743,0.826853188597458
"302",-0.162309523556819,-0.555218509887393,-0.532723964535255,1,0.93455207092949,0.830862007775717
"303",-0.869783605635912,0.0233546618629461,-0.53200900976633,1,0.935981980467339,0.832100013395879
"304",1.06451051848471,-1.55439358145862,-0.530772524564494,1,0.938454950871013,0.834243313070963
"305",0.718888729854143,-1.27183334230148,-0.530492716664072,1,0.939014566671855,0.834728716607231
"306",-1.48740629563197,0.532005983833635,-0.528628276960088,1,0.942743446079825,0.837966768036909
"307",-0.107020356246981,-0.589421271842748,-0.524249370298089,1,0.951501259403821,0.845596837785444
"308",-0.51585548950739,-0.248191770618409,-0.518504176923055,1,0.962991646153891,0.85566067107054
"309",-1.27383492504346,0.371018072209208,-0.518254582279789,1,0.963490835440422,0.856099245959917
"310",0.0241886479910512,-0.686904873937155,-0.516775983203106,1,0.966448033593788,0.858699683877561
"311",-0.896264626244759,0.064731868737358,-0.516706431116858,1,0.966587137766284,0.858822104041189
"312",-0.714978202867742,-0.0817556264141665,-0.515519555599364,1,0.968960888801273,0.86091250202335
"313",-0.655928703879608,-0.126462483371616,-0.512803155791997,1,0.974393688416006,0.86570639755379
"314",-0.620761034511813,-0.152294710805495,-0.510570726080975,1,0.978858547838049,0.869656179771252
"315",0.258068387396106,-0.867255404368922,-0.508556368354166,1,0.982887263291668,0.873227862498103
"316",-0.764259947799148,-0.0115953080423958,-0.492342118885808,1,1.01531576222838,0.902243932114584
"317",0.413868915451097,-0.970861818000967,-0.490272645403456,1,1.01945470919309,0.905981398110363
"318",0.945713804060792,-1.40321468924821,-0.488803497423523,1,1.02239300515295,0.908639356209813
"319",-1.19353585074908,0.34556950885596,-0.487181360935534,1,1.02563727812893,0.911578613076352
"320",-1.25198588563894,0.395548695391437,-0.485434697427407,1,1.02913060514518,0.91474880809927
"321",-0.636099831085051,-0.106747610724294,-0.484991200811952,1,1.0300175983761,0.915554629740426
"322",-0.504451524580869,-0.21378087477858,-0.484637110915011,1,1.03072577816998,0.916198256235756
"323",0.500835931775825,-1.03322501404202,-0.483576198761074,1,1.03284760247785,0.918128021218538
"324",-0.00851344803801686,-0.616769294168633,-0.483131818261769,1,1.03373636347646,0.91893693806633
"325",1.60675956606494,-1.93425634219562,-0.482064543918144,1,1.03587091216371,0.920881178984401
"326",-0.410199512833357,-0.281890475242584,-0.47778437434278,1,1.04443125131444,0.928698970588272
"327",0.0976194631092374,-0.696367313322069,-0.477663831990321,1,1.04467233601936,0.928919622135154
"328",-1.13521292940752,0.310477825742081,-0.477476607546788,1,1.04504678490642,0.929262386662725
"329",0.97580332180945,-1.4124342113858,-0.476914626606937,1,1.04617074678613,0.930291624110887
"330",-0.723581777110154,-0.0248626449721217,-0.476891819796014,1,1.04621636040797,0.930333405602715
"331",0.00689283844195796,-0.605931598723497,-0.464993184355357,1,1.07001363128929,0.952260029689041
"332",-0.0347603898038376,-0.564653601841111,-0.459363200088416,1,1.08127359982317,0.962724778760934
"333",0.494249836540647,-0.994619855725495,-0.457838184079541,1,1.08432363184092,0.965569403963935
"334",-0.408397642146012,-0.248323468082503,-0.450643879315956,1,1.09871224136809,0.979046767740921
"335",0.132291088244156,-0.689556805804472,-0.450460174430169,1,1.09907965113966,0.979392161411821
"336",0.656588464332807,-1.11754625854383,-0.450384603054553,1,1.09923079389089,0.97953426547346
"337",-0.502477782393866,-0.168810076495856,-0.448554576187104,1,1.10289084762579,0.982978673784304
"338",0.726091096698492,-1.17041657604083,-0.44738045055889,1,1.10523909888222,0.985191844762273
"339",-1.14115419483757,0.35549016207072,-0.446367787940361,1,1.10726442411928,0.987102725495081
"340",-0.0851078317956122,-0.506723480394019,-0.446333239178186,1,1.10733352164363,0.987167952229181
"341",-0.744677228785278,0.0364782550101693,-0.442719298094137,1,1.11456140381173,0.994003234447816
"342",-0.979696368377701,0.229071092175588,-0.44217668287506,1,1.11564663424988,0.995031625789807
"343",0.423957776227396,-0.912781028083384,-0.438902703176495,1,1.12219459364701,1.00124835063625
"344",-0.517788083055024,-0.125318206080841,-0.4245490025748,1,1.1509019948504,1.02874274501757
"345",0.233498761638796,-0.737720018684632,-0.423757885784411,1,1.15248422843118,1.0302695440643
"346",-1.28001259675319,0.503282528236865,-0.419710077829638,1,1.16057984434072,1.03810036035732
"347",0.341620225298793,-0.820380248299367,-0.419404206499379,1,1.16119158700124,1.03869337703405
"348",0.465356664198533,-0.916769790728652,-0.415809429718525,1,1.16838114056295,1.04567641459157
"349",-0.878077110224044,0.184232402111783,-0.412638920871196,1,1.17472215825761,1.05185610038243
"350",0.88864143026394,-1.25195598097511,-0.407734744335525,1,1.18453051132895,1.06145351239092
"351",1.35727443615177,-1.63208665586798,-0.405793161916734,1,1.18841367616653,1.06526617625118
"352",-0.854930363118786,0.174279793082553,-0.405708890420195,1,1.18858221915961,1.06543182682641
"353",-0.20533698727053,-0.353861224316205,-0.403966239259421,1,1.19206752148116,1.06886044616324
"354",-0.60210489844813,-0.0263123317577535,-0.401186018427627,1,1.19762796314475,1.07434283652541
"355",-0.651200823031723,0.0194449968949667,-0.396793533163044,1,1.20641293367391,1.08303560844139
"356",-0.201690239712518,-0.344695115618918,-0.394559796325602,1,1.2108804073488,1.08747085733564
"357",-0.425673133260061,-0.156219319385594,-0.390226292435686,1,1.21954741512863,1.09610362745948
"358",-0.632069194974882,0.015441759069502,-0.38779452384747,1,1.22441095230506,1.10096433656285
"359",-0.838914666078269,0.194631031664082,-0.379815672607354,1,1.24036865478529,1.11699573252289
"360",0.59667050907573,-0.973957994023728,-0.377057053885601,1,1.2458858922288,1.12256809315581
"361",-1.01371765920455,0.34662776733543,-0.372634627439507,1,1.25473074512098,1.13153313869238
"362",0.913962339054452,-1.21854016982261,-0.365836619476116,1,1.26832676104777,1.1453903412551
"363",-0.662170758602409,0.0690213477719816,-0.365329853338295,1,1.26934029332341,1.14642705051585
"364",0.0291874325756546,-0.494673177947075,-0.364712442802571,1,1.27057511439486,1.14769080320403
"365",-1.17844814841946,0.494412611780478,-0.362345688366588,1,1.27530862326682,1.15254227821388
"366",-0.529031361979442,-0.0281592135202997,-0.356400844504492,1,1.28719831099102,1.16477757922276
"367",-0.708171178213376,0.121442410206634,-0.353817892837139,1,1.29236421432572,1.17011556109975
"368",-0.659770093821306,0.0829163011569913,-0.353048555005633,1,1.29390288998873,1.1717080486745
"369",-0.608033728609708,0.0421348857563142,-0.351916753156561,1,1.29616649368688,1.1740529474809
"370",-0.647117250632361,0.0757520568892538,-0.350595594082252,1,1.2988088118355,1.17679336614966
"371",0.0591351681787969,-0.499302914427991,-0.349358010206065,1,1.30128397958787,1.17936355450284
"372",-0.407176147121539,-0.107504235860618,-0.340793229786161,1,1.31841354042768,1.19723310562751
"373",-0.524223458216886,-0.00171602997234673,-0.332877257271993,1,1.33424548545601,1.21387557722581
"374",0.00661933421419712,-0.427326859149531,-0.326819527232503,1,1.34636094553499,1.226691968292
"375",-1.37230188587669,0.700392825529307,-0.325397969527328,1,1.34920406094534,1.22970955235509
"376",0.0423026643898127,-0.452407106046577,-0.323678483371756,1,1.35264303325649,1.23336457795887
"377",0.452190396528715,-0.784660258270821,-0.321804904725653,1,1.35639019054869,1.23735336971923
"378",-0.39411363337364,-0.0932972001298942,-0.321527048147223,1,1.35694590370555,1.23794546755333
"379",1.80980538558388,-1.88953972117092,-0.319009746401614,1,1.36198050719677,1.24331613690265
"380",-0.957250328953504,0.371385451344642,-0.317744332471395,1,1.36451133505721,1.24602025186537
"381",-1.72911674054936,1.00339839899148,-0.316360390311446,1,1.36727921937711,1.24898096395042
"382",-0.995516172562447,0.405304883081835,-0.315671898103613,1,1.36865620379277,1.25045515919406
"383",-0.839125067505345,0.280516547586645,-0.313422107584152,1,1.3731557848317,1.25527829656085
"384",0.457099505856081,-0.776475887622658,-0.312360525130297,1,1.37527894973941,1.25755725240984
"385",0.129923153969037,-0.508131946371104,-0.311426695727269,1,1.37714660854546,1.25956359576107
"386",-0.846522653163624,0.291119015775025,-0.309888115012966,1,1.38022376997407,1.26287258671948
"387",0.673166306947679,-0.94875622258312,-0.309155655127277,1,1.38168868974545,1.26444932112453
"388",0.487814635163685,-0.787906163601238,-0.301788425384093,1,1.39642314923181,1.28035954502062
"389",0.140067288930464,-0.50148025194863,-0.299858601108757,1,1.40028279778249,1.28454225873538
"390",0.115553440443324,-0.480509949700532,-0.299118993921521,1,1.40176201215696,1.28614691391873
"391",-0.881749483409345,0.333992522039301,-0.298957843526871,1,1.40208431294626,1.28649666537151
"392",-0.211332458143761,-0.213062672738158,-0.298696018893962,1,1.40260796221208,1.28706500475662
"393",-1.01182190274184,0.442870634194182,-0.296886241670242,1,1.40622751665952,1.29099651096013
"394",-0.504033321605536,0.0362473267506922,-0.290701604008736,1,1.41859679198253,1.30447124944491
"395",-0.561612535381314,0.0845231284066654,-0.289723621123697,1,1.42055275775261,1.30660748787548
"396",-0.173787170414033,-0.223025764934598,-0.282667671998208,1,1.43466465600358,1.32206262393747
"397",0.5660949625959,-0.823901696810419,-0.280161619381584,1,1.43967676123683,1.3275692839006
"398",0.717308632275803,-0.939298028850181,-0.2739113119141,1,1.4521773761718,1.34134137025536
"399",0.760462361967838,-0.972850058878017,-0.272607787548338,1,1.45478442490332,1.34422019904152
"400",-1.76800377087565,1.09282510254355,-0.271685081052987,1,1.45662983789403,1.34625933070465
"401",-0.448794941211084,0.0221923857612308,-0.266652695224507,1,1.46669460955099,1.35739961826175
"402",0.426086966202313,-0.687491737722882,-0.263047751269085,1,1.47390449746183,1.36539893434091
"403",0.474634627277364,-0.725772520855337,-0.261995681565228,1,1.47600863686954,1.36773632724002
"404",0.342387420001643,-0.615044024579724,-0.259866234997554,1,1.48026753000489,1.37247118165097
"405",0.0976351442252321,-0.412292327768102,-0.257610376756836,1,1.48477924648633,1.37749258408105
"406",0.246832728096417,-0.530609726968942,-0.254897802805733,1,1.49020439438853,1.38353780313877
"407",-0.0540229240816071,-0.283167192069955,-0.253507461007898,1,1.4929850779842,1.38663925395382
"408",-1.20643411723808,0.657916487634451,-0.253396011520689,1,1.49320797695862,1.38688795008909
"409",1.49349310261748,-1.54560083833205,-0.252649286544287,1,1.49470142691143,1.38855456378982
"410",0.696768778564913,-0.887939472922964,-0.24711968966244,1,1.50576062067512,1.40091275131384
"411",0.937811135232089,-1.0840518308599,-0.246579096988893,1,1.50684180602221,1.40212244619858
"412",0.0194461765201242,-0.3306814185382,-0.243845883462683,1,1.51230823307463,1.40824251961977
"413",0.414523534374985,-0.653148158727207,-0.243758685797691,1,1.51248262840462,1.40843787323877
"414",0.252750135066342,-0.515832376737641,-0.239708819762929,1,1.52058236047414,1.41751782661538
"415",-0.802837973351476,0.346871711026604,-0.239073645557544,1,1.52185270888491,1.41894308122429
"416",-1.22473787596427,0.695012444586082,-0.236237920287014,1,1.52752415942597,1.4253097597748
"417",-0.0396486960510932,-0.272104193036391,-0.235847038768066,1,1.52830592246387,1.42618780780736
"418",0.537517256600346,-0.742942570364735,-0.235525077941776,1,1.52894984411645,1.42691111747501
"419",-0.31611832883308,-0.045524850413887,-0.235194183346036,1,1.52961163330793,1.42765457226779
"420",-0.0176263476303775,-0.285081161575721,-0.231970799288427,1,1.53605840142315,1.43490070987606
"421",0.170197818152129,-0.435828687353024,-0.229948897953165,1,1.54010220409367,1.43944929369254
"422",-0.261006596184361,-0.0781151603356361,-0.225582808667327,1,1.54883438266535,1.44927954459387
"423",-0.268810185638072,-0.0714232482805394,-0.225334699198311,1,1.54933060160338,1.44983847046379
"424",-0.825998587129336,0.389946230419914,-0.220356324615411,1,1.55928735076918,1.46105967397073
"425",0.777237124297383,-0.918621006664125,-0.219992853093464,1,1.56001429381307,1.46187936628803
"426",-0.270079610999902,-0.0627544312151911,-0.219422717465822,1,1.56115456506836,1.4631652312003
"427",0.648286567503148,-0.811657023999749,-0.218694401396172,1,1.56261119720766,1.46480803919355
"428",-0.177789957664294,-0.13596502082949,-0.217762294532688,1,1.56447541093462,1.4669108202041
"429",0.0144186579430547,-0.291529797839991,-0.216698850410914,1,1.56660229917817,1.46931028078903
"430",-1.02393278779038,0.560822173139026,-0.213180968718432,1,1.57363806256314,1.4772504054678
"431",0.319156220867898,-0.530564711300112,-0.209121540719272,1,1.58175691856146,1.48641715996975
"432",-0.631409298966366,0.24985968037611,-0.205797827911707,1,1.58840434417659,1.49392519366392
"433",-0.620533696615944,0.246398247728218,-0.201600707240845,1,1.59679858551831,1.50340845815731
"434",0.373460983597143,-0.562048517399151,-0.199163444454745,1,1.60167311109051,1.5089160491141
"435",1.41126239874678,-1.40939755233853,-0.199153938440005,1,1.60169212311999,1.50893753077614
"436",0.959494058970771,-1.04001925428702,-0.198758124768224,1,1.60248375046355,1.50983199132502
"437",1.33417603370242,-1.34556846598949,-0.198465838769983,1,1.60306832246003,1.51049250199216
"438",0.166061986509049,-0.390405935627892,-0.197380315361321,1,1.60523936927736,1.51294558623326
"439",-0.779977469185323,0.385314169699423,-0.194837992787163,1,1.61032401442567,1.51869071213543
"440",-0.953278701946907,0.528705464568187,-0.193372896751914,1,1.61325420649617,1.52200140177001
"441",0.355550296999749,-0.538727487917723,-0.192426765516192,1,1.61514646896762,1.52413929988717
"442",-0.506401780474741,0.166094456662157,-0.191620394582973,1,1.61675921083406,1.52596132816216
"443",0.74186477930074,-0.852171904732922,-0.190893035337597,1,1.61821392932481,1.52760476721087
"444",-0.511009505806642,0.171192185019078,-0.190585892553256,1,1.61882821489349,1.52829872547437
"445",-1.12150249732554,0.672033622187643,-0.188745453258284,1,1.62250909348343,1.53245674925876
"446",0.730396051435768,-0.837091232112591,-0.186465056939557,1,1.62706988612089,1.53760800006631
"447",1.04324617695035,-1.09064403310508,-0.185002419486058,1,1.62999516102788,1.5409114679828
"448",0.986580613954563,-1.04421889723918,-0.184880112667737,1,1.63023977466453,1.54118768566604
"449",0.898702724402737,-0.951473786195471,-0.168618915955348,1,1.6627621680893,1.57787013304207
"450",-0.927494655524829,0.541964409933536,-0.166795299036404,1,1.66640940192719,1.58197707965122
"451",-0.243444679602975,-0.0100463381996524,-0.161749794466592,1,1.67650041106682,1.59333073053765
"452",0.686341749488027,-0.767078303278502,-0.160095662437563,1,1.67980867512488,1.59704974080305
"453",0.427340324999113,-0.55322166010258,-0.158249902660945,1,1.68350019467811,1.60119758875195
"454",-0.887438810816108,0.527011069282532,-0.153044566322392,1,1.69391086735522,1.61288304530039
"455",-0.547213299484056,0.249297174666508,-0.152983317313103,1,1.69403336537379,1.6130204311685
"456",0.407056097880578,-0.526900869107315,-0.150690777278356,1,1.69861844544329,1.61816079450044
"457",-0.0893785289835366,-0.117318486316187,-0.147402453841641,1,1.70519509231672,1.62552699981239
"458",-0.138753197573533,-0.0756499084754093,-0.146353394526218,1,1.70729321094756,1.62787522735468
"459",-1.10731819264177,0.715216838969084,-0.146324935406942,1,1.70735012918612,1.62793891832041
"460",-0.809936389920794,0.472483115798837,-0.146264902630173,1,1.70747019473965,1.62807326838811
"461",1.78260789538833,-1.64322362275029,-0.14541532011604,1,1.70916935976792,1.62997427460546
"462",-1.14739944099984,0.758933485379021,-0.137811773962277,1,1.72437645207544,1.64696065324168
"463",0.168185387655757,-0.312812900776768,-0.13593405220734,1,1.72813189558532,1.65114761807257
"464",-1.03595153200983,0.674350170218466,-0.132843881584725,1,1.73431223683055,1.65803095790584
"465",-0.367169171130217,0.128454009009946,-0.132718125943705,1,1.73456374811259,1.65831088574307
"466",-0.916489135703093,0.578367005198014,-0.131637468098631,1,1.73672506380274,1.66071576434668
"467",-0.291915762703194,0.0757222330193459,-0.125969549525152,1,1.7480609009497,1.67331014829791
"468",-0.688671499600886,0.401211438499875,-0.12477705575292,1,1.75044588849416,1.67595577586587
"469",-0.504722862774708,0.252204390483296,-0.123858085869299,1,1.7522838282614,1.677993564407
"470",0.294987885730239,-0.396317072140712,-0.120419163830725,1,1.75916167233855,1.68561136465012
"471",-0.0958110991197285,-0.0738377780545633,-0.117790756613756,1,1.76441848677249,1.69142516283959
"472",0.19552905518189,-0.310822344315936,-0.117098520009849,1,1.7658029599803,1.69295507040383
"473",-0.811430783992772,0.512397898212924,-0.116292182916584,1,1.76741563416683,1.69473648341022
"474",-0.151736536534977,-0.0213355828949244,-0.11249308338991,1,1.77501383322018,1.703119925847
"475",-0.216319678589458,0.0316737259293367,-0.112278214804318,1,1.77544357039136,1.70359358756724
"476",0.953826636303852,-0.923079572557954,-0.111761429616799,1,1.7764771407664,1.70473258630734
"477",-0.379945955166868,0.17016294604425,-0.10849126998491,1,1.78301746003018,1.71193292984817
"478",-0.402731975447623,0.190123386488992,-0.107441123879415,1,1.78511775224117,1.71424254533841
"479",-1.11301608790466,0.775159439619203,-0.103497261977652,1,1.7930054760447,1.72290480656807
"480",-1.38765057998806,1.01900943929236,-0.0883059682416979,1,1.8233880635166,1.75609490108076
"481",-0.88478911517512,0.616720749046367,-0.0818799325122574,1,1.83624013497549,1.77004818381626
"482",-0.972241766246169,0.690369299589791,-0.0801419235277538,1,1.83971615294449,1.77381306348999
"483",-0.835823924079678,0.579684831189895,-0.0795995251407834,1,1.84080094971843,1.77498722271798
"484",-1.22681509076766,0.89941893940785,-0.0792190762203712,1,1.84156184755926,1.77581057793426
"485",-0.0531588187433239,-0.0556512783569778,-0.0767278838449363,1,1.84654423231013,1.7811973828007
"486",1.15442128059814,-1.03916940937703,-0.0748170380693924,1,1.85036592386122,1.78532392111243
"487",0.292470078406726,-0.332498640150018,-0.0725780201448695,1,1.85484395971026,1.79015323087578
"488",-0.49558344300146,0.315378389770987,-0.0691434398432208,1,1.86171312031356,1.79754879489803
"489",-0.0962167762033804,-0.00916656604280998,-0.0679532239094167,1,1.86409355218117,1.80010813241787
"490",1.10695440248067,-0.981403149245374,-0.0600921750306369,1,1.87981564993873,1.81696651976302
"491",-0.0946343584532563,0.000394468185648818,-0.0595464697814945,1,1.88090706043701,1.81813389499691
"492",-0.329280941581153,0.195045886250551,-0.0571736592573278,1,1.88565268148534,1.82320544003502
"493",-0.411269131911835,0.264790443876563,-0.0550036417585682,1,1.88999271648286,1.82783732128624
"494",-0.331662312006789,0.200736858164336,-0.0542715622676779,1,1.89145687546464,1.82939860068924
"495",0.322885081228563,-0.323078342006341,-0.0460449517880248,1,1.90791009642395,1.84689715436014
"496",-0.00523405793193957,-0.0543632572729877,-0.0454199069068141,1,1.90916018618637,1.84822323600336
"497",0.030066421255418,-0.0824889598716129,-0.0448799991143018,1,1.9102400017714,1.84936830574914
"498",0.347551975023811,-0.33159589073685,-0.0370419032258876,1,1.92591619354822,1.8659517887235
"499",0.496433073531127,-0.448644850098191,-0.0335469629191613,1,1.93290607416168,1.87332238749
"500",0.0361528681302234,-0.0712595640275106,-0.0323323394994662,1,1.93533532100107,1.87588055732298
"501",0.134088220152031,-0.148311679439605,-0.030076896287827,1,1.93984620742435,1.88062624457505
"502",0.13236131951909,-0.142987973198838,-0.0270453590242851,1,1.94590928195143,1.88699558432448
"503",-1.17503676801214,0.934751924970277,-0.0191027766232047,1,1.96179444675359,1.90363340689751
"504",-0.411055332086343,0.314631116999359,-0.0162620034825164,1,1.96747599303497,1.90956704857671
"505",0.409337928216715,-0.355086292740553,-0.0161606224782734,1,1.96767875504345,1.90977864384105
"506",-0.538070788884863,0.419021083927325,-0.015733511103894,1,1.96853297779221,1.91066995752595
"507",-0.373650328177582,0.285426788574199,-0.0152265773602423,1,1.96954684527952,1.91172759034207
"508",0.434395860831138,-0.368609103680414,-0.0107873186877529,1,1.97842536262449,1.92097754008358
"509",0.826847530284988,-0.689026360282385,-0.0107732290171942,1,1.97845354196561,1.92100686482819
"510",0.567432913870525,-0.468040795441737,-0.00366675578290265,1,1.99266648843419,1.93577112123817
"511",0.697608711668253,-0.571264011401273,-0.00129271159948274,1,1.99741457680103,1.94069186306504
"512",-1.35324453117639,1.1037142255323,-0.000933627045058727,1,1.99813274590988,1.94143565452025
"513",1.0362687620034,-0.84686054358559,-0.000581445170688588,1,1.99883710965862,1.94216502325888
"514",1.72255180794401,-1.39889401481048,0.00585877565475812,1,2.01171755130952,1.95548125879867
"515",-0.0773208650045946,0.0745716481373146,0.00886094145322686,1,2.01772188290645,1.96167512875497
"516",-1.50928816985104,1.24831239660923,0.0123809721310963,1,2.02476194426219,1.96892672029207
"517",-0.446959811255663,0.381765746625012,0.0130322705408509,1,2.0260645410817,1.97026721019083
"518",-0.924937642238947,0.773774948015611,0.0143815688551877,1,2.02876313771038,1.97304308849442
"519",0.547524201868316,-0.427461788647944,0.0151742326792347,1,2.03034846535847,1.97467305303501
"520",-0.146947489359788,0.139646216269772,0.015231741430684,1,2.03046348286137,1.97479128713514
"521",-0.926975943696645,0.780538764932495,0.0183316638774912,1,2.03666332775498,1.9811601818394
"522",1.07588610128876,-0.85286897303731,0.0198206507841139,1,2.03964130156823,1.98421636214244
"523",-0.676410075685581,0.579776581029337,0.021293714278877,1,2.04258742855775,1.98723797575419
"524",0.108106562802571,-0.059415245177466,0.0223497426770005,1,2.044699485354,1.98940300669145
"525",-1.6290934690787,1.36079551626895,0.0237384977019139,1,2.04747699540383,1.99224874416751
"526",0.242321799327066,-0.164485153182598,0.0258481107218413,1,2.05169622144368,1.99656852240521
"527",0.920057522390905,-0.716960295379775,0.0265404130457614,1,2.05308082609152,1.99798532103551
"528",0.190409369836815,-0.118355047255575,0.028748033912253,1,2.05749606782451,2.00250060310535
"529",-1.7714680282034,1.48729070547434,0.0316756723962113,1,2.06335134479242,2.00848248339076
"530",0.26737268905316,-0.176013520264336,0.0327618497681679,1,2.06552369953634,2.01070007699861
"531",-1.24920128341908,1.06986722298852,0.0386513251355779,1,2.07730265027116,2.0227083940141
"532",-0.109219992578064,0.140563736111191,0.0398034132931937,1,2.07960682658639,2.0250543553145
"533",0.0527503271453671,0.011625391957978,0.0423672261089501,1,2.0847344522179,2.03027143059467
"534",0.601565225195587,-0.431488328053342,0.0462338328273378,1,2.09246766565468,2.03813048168201
"535",-0.504374222048191,0.471932877738735,0.0465633682524125,1,2.09312673650482,2.03879978100327
"536",0.880037992310033,-0.653424187243502,0.0504446975956496,1,2.1008893951913,2.04667715682673
"537",0.674028668650456,-0.483730499736886,0.0515971263305642,1,2.10319425266113,2.04901405744652
"538",1.40659548970662,-1.07223661541633,0.0590581878583208,1,2.11811637571664,2.0641218793015
"539",0.480926064725324,-0.305466816901832,0.0675507711987601,1,2.13510154239752,2.08127411658641
"540",-0.693720246937475,0.655248318177083,0.0688059569266782,1,2.13761191385336,2.08380530700682
"541",-1.00513846241125,0.912947744832131,0.0714609013266737,1,2.14292180265335,2.08915601211726
"542",-0.184753908458266,0.243162692883511,0.0715043805220833,1,2.14300876104417,2.08924360277463
"543",-0.767916438222332,0.724318968936386,0.0753820613132392,1,2.15076412262648,2.09705070878729
"544",-0.445658016934015,0.463778039559902,0.0773820465053696,1,2.15476409301074,2.10107380437543
"545",0.394924219872661,-0.219692936347947,0.0795985908415473,1,2.15919718168309,2.1055297165751
"546",-0.192702508672789,0.26448422934906,0.0829928354738098,1,2.16598567094762,2.11234748307755
"547",0.955324614657399,-0.671602178266872,0.0839795270871675,1,2.16795905417433,2.11432809696545
"548",-0.504285643091111,0.521417764697772,0.0849502191201008,1,2.1699004382402,2.11627603409291
"549",-1.22290161499985,1.11959562011759,0.0938041467008712,1,2.18760829340174,2.13401815716915
"550",-0.183429858640727,0.276789624516558,0.0983890923936432,1,2.19677818478729,2.14318780269008
"551",0.162654708118265,-0.000195925685782304,0.102720106577094,1,2.20544021315419,2.15183831783917
"552",0.351754269604537,-0.149283777880463,0.106834216609863,1,2.21366843321973,2.16004539828284
"553",1.20276704630509,-0.84300741543229,0.107705936043732,1,2.21541187208746,2.1617830741389
"554",-0.304336704778395,0.38759961479558,0.107753938081943,1,2.21550787616389,2.16187874777723
"555",-0.141876944171991,0.264198485298936,0.114916408521592,1,2.22983281704318,2.1761389462633
"556",0.198942671822796,-0.008861796612481,0.118958075212364,1,2.23791615042473,2.18417203274035
"557",0.670559370567588,-0.389479711408718,0.122409296278163,1,2.24481859255633,2.19102357809762
"558",-0.30324613826175,0.406785098938207,0.12330468502311,1,2.24660937004622,2.19279993223767
"559",0.71459935608369,-0.422397299997601,0.124764774268095,1,2.24952954853619,2.19569550330581
"560",0.639158159789933,-0.360429387271048,0.125051711126705,1,2.25010342225341,2.19626438189761
"561",0.66748541348963,-0.383153611471703,0.125365331059476,1,2.25073066211895,2.19688610205967
"562",0.205569787166277,-0.00594950590648954,0.125405281653498,1,2.250810563307,2.19696529560805
"563",1.63874464512173,-1.17276579616191,0.128012636890447,1,2.25602527378089,2.20213160614466
"564",-1.11524143570017,1.07871336920976,0.13022716729439,1,2.26045433458878,2.20651609812647
"565",0.113661114970227,0.0766662755785002,0.131271042646291,1,2.26254208529258,2.20858172484923
"566",-0.361702928254615,0.466239386475039,0.132386457905347,1,2.26477291581069,2.21078811826123
"567",-0.0997905884418961,0.252604907452754,0.132553810241984,1,2.26510762048397,2.2111190851141
"568",-0.153451828250923,0.301927230651419,0.136820369537916,1,2.27364073907583,2.21955054413384
"569",1.09745356643579,-0.718707113136271,0.137382443246884,1,2.27476488649377,2.22066037556686
"570",0.50631658733822,-0.229455570072224,0.142487206305618,1,2.28497441261124,2.23072981543016
"571",0.792264765704344,-0.454039651742534,0.149374631961747,1,2.29874926392349,2.24428603463832
"572",-0.222763412932851,0.374734710669954,0.149380305890034,1,2.29876061178007,2.24429718793746
"573",0.0644588172762693,0.143849133757979,0.152192395456927,1,2.30438479091385,2.24982194241936
"574",0.109726039969968,0.109304798062859,0.154063973498758,1,2.30812794699752,2.25349556919193
"575",-0.669633579661957,0.751951264941239,0.158945483362685,1,2.31789096672537,2.26306429916926
"576",-0.103619268541766,0.289993608840836,0.159093503894906,1,2.31818700778981,2.26335415133126
"577",0.821878106163116,-0.464593705438105,0.159928618117309,1,2.31985723623462,2.26498912960277
"578",-0.346941100407436,0.48995784273411,0.16009489480805,1,2.3201897896161,2.26531459668433
"579",0.557511595592472,-0.245505813040803,0.162433307744552,1,2.3248666154891,2.26988936091242
"580",0.119588291490956,0.123848571730794,0.171566967672899,1,2.3431339353458,2.2877136985792
"581",0.25500374557096,0.0181882205557809,0.175367064637599,1,2.3507341292752,2.29510795712408
"582",0.660212631820405,-0.311014178187658,0.176644584802291,1,2.35328916960458,2.29759080670746
"583",0.210781418005385,0.0613956410919597,0.180866732963186,1,2.36173346592637,2.3057856748539
"584",-0.21413117369664,0.414324442488874,0.185505887751912,1,2.37101177550382,2.31477024738848
"585",0.763176761113315,-0.381206684357118,0.187393936490046,1,2.37478787298009,2.31842074849591
"586",-0.284705868110477,0.476777399141691,0.189246384055849,1,2.3784927681117,2.32199894636143
"587",-0.00760475571097463,0.250579955755745,0.189288729287907,1,2.37857745857582,2.32208070012349
"588",-0.649028219583901,0.776018818869033,0.190620104442858,1,2.38124020888572,2.32465018726531
"589",-1.57605030081864,1.53667759212213,0.193523613039736,1,2.38704722607947,2.33024749773556
"590",1.37414476272803,-0.871141152672987,0.19430242170276,1,2.38860484340552,2.33174737613679
"591",0.230374964163675,0.067075034895964,0.197658019147046,1,2.39531603829409,2.33820248095537
"592",2.16803253951933,-1.50556832082322,0.204975966622859,1,2.40995193324572,2.35223771959879
"593",-0.455468738161428,0.640984780398363,0.208440952812463,1,2.41688190562493,2.35886254471614
"594",0.275893403585483,0.0470324185724239,0.210921464121809,1,2.42184292824362,2.36359672797438
"595",-0.191593770478477,0.429128766008164,0.211227172783329,1,2.42245434556666,2.3641796986879
"596",0.344021087496185,-0.00613217589174062,0.212828076902258,1,2.42565615380452,2.36723077164259
"597",0.467828340367688,-0.0993064269214627,0.21895819438004,1,2.43791638876008,2.37888598958325
"598",-1.38999281746208,1.41897032806228,0.220021042978568,1,2.44004208595714,2.38090223738333
"599",0.272974319690261,0.0643897999627346,0.222520243175495,1,2.44504048635099,2.38563790201434
"600",-0.0126257164904259,0.298235095459332,0.223026707353456,1,2.44605341470691,2.38659666262235
"601",0.417441317486562,-0.0490587067220487,0.226012359719608,1,2.45202471943922,2.39224226312758
"602",0.258261762167853,0.0855833857847759,0.229631685767121,1,2.45926337153424,2.39907132473701
"603",0.311681028661359,0.0420502487389955,0.229696373420825,1,2.45939274684165,2.39919323120829
"604",0.251651069028968,0.0929356167067474,0.231145729904509,1,2.46229145980902,2.40192322824091
"605",0.344995049472574,0.0175377975814799,0.231778747155607,1,2.46355749431121,2.40311474801406
"606",0.59448342725741,-0.184960990421293,0.232714165151348,1,2.4654283303027,2.40487454951961
"607",0.658034848342406,-0.23446231733651,0.234564050033595,1,2.46912810006719,2.40835148448715
"608",0.102042485094495,0.23154383254956,0.243890415676774,1,2.48778083135355,2.42581427514765
"609",-2.73975424338714,2.55610493666505,0.247177642529523,1,2.49435528505905,2.43194258474605
"610",1.30919086010968,-0.743775556162168,0.251878933497849,1,2.5037578669957,2.44068266840481
"611",0.113962919971386,0.233752364314463,0.253140282007918,1,2.50628056401584,2.44302270883115
"612",-0.0151383003641817,0.339442603114818,0.253356807960483,1,2.50671361592097,2.44342419628485
"613",0.528745019445293,-0.102596857146015,0.254936528763481,1,2.50987305752696,2.4463514952465
"614",0.157517929375723,0.207037953060977,0.259993994675773,1,2.51998798935155,2.45570125541012
"615",0.055663548201307,0.290734458031082,0.260406661817144,1,2.52081332363429,2.4564626776917
"616",-0.890037829044104,1.06365696955135,0.260995797131778,1,2.52199159426356,2.45754931967857
"617",0.485226820569252,-0.0585732060895135,0.261513776616403,1,2.52302755323281,2.45850434190421
"618",0.336472797203817,0.0699980251276946,0.267024319087793,1,2.53404863817559,2.46864268866853
"619",0.912322161610113,-0.399378212241709,0.267646165137191,1,2.53529233027438,2.4697842823786
"620",0.723200763587674,-0.244013398414261,0.268380358040021,1,2.53676071608004,2.47113147725768
"621",1.39009509607427,-0.786579917427418,0.269891149433535,1,2.53978229886707,2.47390147837585
"622",1.49867444889729,-0.874233501934054,0.270666587185177,1,2.54133317437035,2.47532207757729
"623",0.470167547726389,-0.0281157492265907,0.275581700838116,1,2.55116340167623,2.48430852290134
"624",-0.273181774889849,0.583969205080863,0.27956527641537,1,2.55913055283074,2.49156914329421
"625",0.418057822385083,0.0230658019076471,0.282269675808445,1,2.56453935161689,2.49648685263778
"626",0.538833115658123,-0.0747035003990138,0.282922902251165,1,2.56584580450233,2.49767331179926
"627",0.933816332207727,-0.390991418951934,0.287736654386004,1,2.57547330877201,2.50640023982025
"628",-0.438519782195613,0.738334361275875,0.294567074875013,1,2.58913414975003,2.51873483351123
"629",-0.370497517092117,0.684736551110988,0.296071447508821,1,2.59214289501764,2.52144402771935
"630",0.0295178303214797,0.362089202673557,0.299141805439693,1,2.59828361087938,2.52696522197185
"631",-0.673809163087791,0.937976177367175,0.300398890086618,1,2.60079778017324,2.52922262817731
"632",-0.848883398378404,1.082718928021,0.301789474013809,1,2.60357894802762,2.53171768651791
"633",2.15337646372281,-1.362636929712,0.306420829892248,1,2.6128416597845,2.54001206088974
"634",0.290722844643498,0.159285304138341,0.307251137428023,1,2.61450227485605,2.54149660951629
"635",-0.149553565244392,0.52300688584419,0.310533412091095,1,2.62106682418219,2.54735801482065
"636",-1.17020226435962,1.36594061787443,0.317952157294612,1,2.63590431458922,2.56056587373872
"637",0.0119251352600229,0.409149003115306,0.324467572802041,1,2.64893514560408,2.57212238129421
"638",-0.986062833322873,1.22562799454643,0.325726468436936,1,2.65145293687387,2.5743509694398
"639",1.41009405297303,-0.716812715435525,0.336581042644279,1,2.67316208528856,2.59351390858527
"640",0.307314215255018,0.183918728250972,0.336825409824957,1,2.67365081964991,2.59394431780089
"641",1.1330101941542,-0.488841627904129,0.337923468382247,1,2.67584693676449,2.59587785332092
"642",-0.143056066294616,0.55533376068832,0.339683080827513,1,2.67936616165503,2.59897463759669
"643",0.629035120121665,-0.0745936134597931,0.340056777031773,1,2.68011355406354,2.59963205832893
"644",0.0432440375575291,0.407782799043549,0.343217128693834,1,2.68643425738767,2.60518844355815
"645",0.897006193942258,-0.287993784349313,0.344237503508026,1,2.68847500701605,2.60698116511441
"646",1.58397010470279,-0.847094261221983,0.345634262019116,1,2.69126852403823,2.60943422494203
"647",-0.275524746705939,0.673888965338375,0.347734997723346,1,2.69546999544669,2.61312169755778
"648",-0.607505922693199,0.946230709862035,0.3487266746426,1,2.6974533492852,2.61486163931157
"649",-0.0431403906133336,0.486266278003133,0.349375860608183,1,2.69875172121637,2.61600040862878
"650",0.454902098272933,0.0801230697855118,0.349768411571704,1,2.69953682314341,2.61668890571553
"651",-0.666565029559273,0.998863885007112,0.352143897947164,1,2.70428779589433,2.62085380680854
"652",0.00131354755592194,0.462286198430419,0.358916109958842,1,2.71783221991768,2.6327153329336
"653",0.255196000995833,0.261246735774013,0.363760973963447,1,2.72752194792689,2.64119263943005
"654",0.283120796739,0.242773897255788,0.36711316632447,1,2.73422633264894,2.64705535791717
"655",0.437693886479643,0.125292289933771,0.373872910305708,1,2.74774582061142,2.65887416965163
"656",0.325271219916941,0.223813686545622,0.379084918576708,1,2.75816983715342,2.66798711093102
"657",0.549997351091101,0.0404872369213791,0.379210146167526,1,2.75842029233505,2.66820609638161
"658",0.15629354251416,0.369467856052086,0.385037286273959,1,2.77007457254792,2.67839904360954
"659",-0.165852702479289,0.636238715812176,0.387933930924828,1,2.77586786184966,2.6834689451263
"660",-0.709440037512506,1.08806401314159,0.394121484130031,1,2.78824296826006,2.6943087048629
"661",1.40776573875103,-0.634189590214405,0.399108085032865,1,2.79821617006573,2.70305734080605
"662",0.506055892157574,0.103730776419737,0.400407362425856,1,2.80081472485171,2.70533909440673
"663",0.736526771427079,-0.0745239839049436,0.408094401368583,1,2.81618880273717,2.71886172908816
"664",1.39275862816597,-0.609326153851698,0.408875889915951,1,2.8177517798319,2.72023892513574
"665",-1.22390375051376,1.52808457142252,0.409584521653997,1,2.81916904330799,2.72148815495335
"666",0.227479443027071,0.343800550700818,0.410177393622652,1,2.8203547872453,2.72253363318952
"667",-0.0250944932655905,0.554931036284423,0.413976581275235,1,2.82795316255047,2.7292403895358
"668",0.413398894737046,0.202197223206682,0.418077713538825,1,2.83615542707765,2.73649525808308
"669",0.714169570852022,-0.0382601418471595,0.422044317455961,1,2.84408863491192,2.74352851777562
"670",0.384935321768578,0.231180806150142,0.422526356164161,1,2.84505271232832,2.74438439740209
"671",0.589276720770128,0.0697801729706597,0.426742811511899,1,2.8534856230238,2.7518823354423
"672",0.709726218065825,-0.021568107634536,0.432163688509517,1,2.86432737701903,2.76155424639376
"673",-0.0686936535649907,0.617834812773199,0.435127106902772,1,2.87025421380554,2.76685806581843
"674",-0.377009088203781,0.871427753239445,0.43656355168241,1,2.87312710336482,2.76943339146636
"675",-0.381407202704243,0.883865373107524,0.443416078759182,1,2.88683215751836,2.7817610744317
"676",-0.320839912658177,0.838393388233302,0.446499748381732,1,2.89299949676346,2.78733258849536
"677",1.15657043692358,-0.362853694878814,0.450414107543828,1,2.90082821508766,2.79442777745315
"678",-0.568206880540376,1.04996720801637,0.453935517204898,1,2.9078710344098,2.80083345205901
"679",-1.07366134146979,1.4637500859783,0.454772886257459,1,2.90954577251492,2.80235995457065
"680",-0.962119028303747,1.37576957794937,0.457169030797772,1,2.91433806159554,2.80673518822639
"681",-0.0681115738665369,0.646078086139937,0.457372391906496,1,2.91474478381299,2.80710700686312
"682",-1.09152043398742,1.48339005462494,0.458690858695278,1,2.91738171739056,2.80951954024432
"683",0.784698627442325,-0.0464608231752469,0.460298589023367,1,2.92059717804673,2.81246585423983
"684",-0.324393300483657,0.859829051535551,0.46085638199095,1,2.9217127639819,2.81348922638382
"685",-0.304721068966714,0.844677155102387,0.461561585131467,1,2.92312317026293,2.81478391637091
"686",1.8250110640863,-0.89326533667394,0.462317988967537,1,2.92463597793507,2.81617368970343
"687",1.26428122406637,-0.43159298019357,0.465291169281141,1,2.93058233856228,2.82164746115568
"688",0.287709728313787,0.36587284832553,0.465367498970811,1,2.93073499794162,2.82178822190155
"689",0.268043904143697,0.388273675636322,0.470281345905629,1,2.94056269181126,2.8308751611083
"690",0.612473307433314,0.107189452701026,0.470390724549195,1,2.94078144909839,2.83107800348367
"691",0.121753855523786,0.512641519148252,0.474094312719577,1,2.94818862543915,2.83796139615231
"692",-0.534072163976087,1.05074633409782,0.476127715997995,1,2.95225543199599,2.84175328866634
"693",0.146625304045126,0.497572430353049,0.478151931937322,1,2.95630386387464,2.84553713579893
"694",-0.837582434076861,1.30148784491085,0.478394505760075,1,2.95678901152015,2.84599119124811
"695",0.563055818994517,0.159792300386858,0.479882351216929,1,2.95976470243386,2.84877907817366
"696",0.549856056710878,0.178283439784085,0.485857263526684,1,2.97171452705337,2.86002583566695
"697",1.32956479078236,-0.456614893993757,0.487198231113884,1,2.97439646222777,2.86256143282697
"698",-0.230692997694109,0.827660513002857,0.495200014041639,1,2.99040002808328,2.87778159451251
"699",-0.875592474189569,1.35553641339584,0.496220686743715,1,2.99244137348743,2.87973427157703
"700",0.585230683909193,0.168163250506848,0.500391077285646,1,3.00078215457129,2.8877397668976
"701",-0.360603577153347,0.949804319242858,0.507649534874926,1,3.01529906974985,2.90177831048098
"702",0.849274202655058,-0.0292251626878984,0.514490454006594,1,3.02898090801319,2.9151340814792
"703",1.02988813093981,-0.172500342564747,0.517740254995039,1,3.03548050999008,2.92152186021427
"704",0.158625439491262,0.552105359451393,0.527982509228943,1,3.05596501845789,2.94183766400966
"705",1.94871306497599,-0.907865433877072,0.529244817089711,1,3.05848963417942,2.94436090089171
"706",-0.400235237343163,1.01622103759268,0.534030440959922,1,3.06806088191984,2.95396571759817
"707",0.617420144129801,0.189507153375516,0.537282395546032,1,3.07456479109206,2.96052746176822
"708",-0.110285494390774,0.784636503638851,0.538026151253423,1,3.07605230250685,2.96203217781182
"709",1.08261095547612,-0.187075495267122,0.539795232300521,1,3.07959046460104,2.96561720291812
"710",0.319160238648117,0.438736909968695,0.541698807673242,1,3.08339761534648,2.9694841078564
"711",0.997509917441285,-0.109651550499383,0.54594493975021,1,3.09188987950042,2.97814438304933
"712",-0.716576699070701,1.29279090669163,0.548188632895319,1,3.09637726579064,2.98273982189209
"713",0.594273774110513,0.223382046900919,0.548882725476522,1,3.09776545095304,2.98416411993673
"714",0.315764024018431,0.451885792598428,0.549735933631961,1,3.09947186726392,2.98591666221079
"715",0.66657951565448,0.169276868370225,0.552703200635209,1,3.10540640127042,2.99202645118841
"716",-0.518742356791874,1.14344047456567,0.557623709821265,1,3.11524741964253,3.00220848300718
"717",-0.292686902302723,0.961917035834062,0.559986281528548,1,3.1199725630571,3.0071194637122
"718",-0.0817774971735639,0.790327919512798,0.560464743579876,1,3.12092948715975,3.00811575295185
"719",0.487121233826478,0.332944737475256,0.565980403794439,1,3.13196080758888,3.01964246960733
"720",0.404468471278607,0.402425002866545,0.567525389033279,1,3.13505077806656,3.02288477768713
"721",0.436930577039483,0.376635728248926,0.568079941182246,1,3.13615988236449,3.02404999272114
"722",0.0461345928404875,0.702522605391073,0.573349748662861,1,3.14669949732572,3.03516005800478
"723",-0.591506415298824,1.23685650597508,0.583963425268804,1,3.16792685053761,3.05773419986903
"724",1.22771711731275,-0.245892112646194,0.586009271168393,1,3.17201854233679,3.06211465636424
"725",0.419709894906327,0.415295641586194,0.58713446560595,1,3.1742689312119,3.06452773715193
"726",-0.0402069374365745,0.791330719099224,0.587533039274833,1,3.17506607854967,3.06538316700513
"727",0.574755720900728,0.293716346191391,0.591019138713299,1,3.1820382774266,3.07287946818111
"728",1.6059096288573,-0.547663147364796,0.591448378901866,1,3.18289675780373,3.0738042364892
"729",-0.77625389463799,1.39752151314574,0.591569439349527,1,3.18313887869905,3.07406512155688
"730",2.15370721597723,-0.990684109173872,0.594743431889099,1,3.1894868637782,3.08091572317668
"731",0.760848728950074,0.149829551506265,0.597260459215963,1,3.19452091843193,3.08636266147387
"732",-0.4968499572667,1.17688802591286,0.597378040878263,1,3.19475608175653,3.0866174153173
"733",0.261255562727432,0.562526099621662,0.600963369049878,1,3.20192673809976,3.09439810744442
"734",0.381188028723722,0.465558807562378,0.601704779185185,1,3.20340955837037,3.0960100867147
"735",-0.684320344136007,1.34086968748912,0.605831006483938,1,3.21166201296788,3.10499955101233
"736",-0.348782098762047,1.06993067101068,0.608175566247807,1,3.21635113249561,3.11012075293138
"737",0.635568162856401,0.272629585795521,0.613146569676907,1,3.22629313935381,3.12100906657107
"738",-0.651695910733076,1.32767391829798,0.616243111005548,1,3.2324862220111,3.12781126115931
"739",1.00151325236345,-0.0161819267946661,0.620878130265244,1,3.24175626053049,3.1380192146011
"740",-0.863997691069911,1.5091313441451,0.622527993241231,1,3.24505598648246,3.14165993085647
"741",1.01369034746575,-0.0224911410586503,0.623692505072381,1,3.24738501014476,3.14423177572221
"742",-2.31603615150256,2.69944315239124,0.626189798241207,1,3.25237959648241,3.1497528413095
"743",1.53966323733755,-0.440269463801648,0.632737271693518,1,3.26547454338704,3.16426247225392
"744",0.163332105966331,0.69512443750972,0.641741367980506,1,3.28348273596101,3.1842849461418
"745",1.39514789252962,-0.307480913728766,0.644195311005854,1,3.28839062201171,3.18975306591299
"746",-0.046318533277383,0.871036815577836,0.645407803526333,1,3.29081560705267,3.19245635503158
"747",1.0098082149443,0.0132309585924836,0.648907448291186,1,3.29781489658237,3.20026384319375
"748",0.562471756969533,0.379785498765791,0.649918956678279,1,3.29983791335656,3.2025216808042
"749",-0.553658252760955,1.30150204841025,0.657974926894784,1,3.31594985378957,3.22051859760956
"750",-1.32726366148341,1.9357358693062,0.659979311723391,1,3.31995862344678,3.22499926345481
"751",0.930991466126415,0.0996966346031177,0.666035384125954,1,3.33207076825191,3.23854003758646
"752",1.05993627812147,0.00415790425318507,0.673583261486653,1,3.34716652297331,3.25541377321497
"753",-0.747686481439497,1.48198866758308,0.675065034350271,1,3.35013006870054,3.25872496001073
"754",-0.348876736539909,1.15738023507462,0.675853853112207,1,3.35170770622441,3.26048738243871
"755",-0.0262763764485261,0.895908989083606,0.677349479240996,1,3.35469895848199,3.26382838902542
"756",0.500694614280786,0.4719087687282,0.682206039104064,1,3.36441207820813,3.27467061759168
"757",0.42912468881105,0.532572409366527,0.683931097796002,1,3.367862195592,3.27851888894022
"758",1.67820574370471,-0.483140345328421,0.68715160422916,1,3.37430320845832,3.28569833084088
"759",0.554438552345125,0.435003669642587,0.687610123216387,1,3.37522024643278,3.28671993874087
"760",1.45418687087119,-0.297416893816315,0.689330395766959,1,3.37866079153392,3.29055145424745
"761",0.704180178465512,0.315561605067217,0.689795617644537,1,3.37959123528907,3.29158724888527
"762",0.27742924211066,0.665449580101896,0.690916687215869,1,3.38183337443174,3.29408256133006
"763",1.6540374665165,-0.457393900489916,0.691809354038466,1,3.38361870807693,3.29606876159624
"764",0.171745482456009,0.764155101994803,0.700533377270156,1,3.40106675454031,3.31544155244578
"765",1.10229754620026,0.00633918390626788,0.702064491781007,1,3.40412898356201,3.31883356470832
"766",-0.461939839504668,1.28812879683886,0.705623868623946,1,3.41124773724789,3.32670852461313
"767",1.44963736425491,-0.271690345467382,0.706380733801632,1,3.41276146760326,3.32838108400196
"768",1.4114046447039,-0.237663941966532,0.708556977634928,1,3.41711395526986,3.33318622011749
"769",0.185513915583057,0.768204716854008,0.712378117150444,1,3.42475623430089,3.34160808779226
"770",1.18856488583833,-0.0483289168044568,0.714279019244646,1,3.42855803848929,3.34579012802585
"771",-0.678758641268032,1.48509019897593,0.721061264064298,1,3.4421225281286,3.36066707593669
"772",-0.112558911044787,1.0259235448577,0.723488454773227,1,3.44697690954645,3.36597336688445
"773",-1.13860773675091,1.86720794117565,0.726214290091454,1,3.45242858018291,3.37192071603004
"774",0.615284770613444,0.436573277768152,0.727308463789591,1,3.45461692757918,3.37430441272592
"775",0.121759998641046,0.839839485864198,0.72754465316883,1,3.45508930633766,3.3748186828882
"776",0.948632573255153,0.169528572195433,0.731284186186409,1,3.46256837237282,3.38294763297856
"777",0.588791645710936,0.465626944662432,0.733057613989702,1,3.4661152279794,3.38679369561026
"778",0.66265658435809,0.408041882960372,0.735168706067942,1,3.47033741213588,3.39136429913065
"779",-0.0399396776377224,0.986211802550723,0.738656307352811,1,3.47731261470562,3.39889615884873
"780",0.42200837321742,0.60935654837076,0.738907082954367,1,3.47781416590873,3.39943680934095
"781",-0.098808492386284,1.03819480492855,0.741690260299856,1,3.48338052059971,3.40542857883606
"782",0.399271807273958,0.635457078278705,0.744744599576108,1,3.48948919915222,3.41198580899646
"783",1.47939487098826,-0.241668674267808,0.748455720070924,1,3.49691144014185,3.41992659281689
"784",0.490840917661593,0.566139632650374,0.748964927500137,1,3.49792985500027,3.42101385063435
"785",-0.332657319133519,1.23870022023802,0.749102103027576,1,3.49820420605515,3.42130665113039
"786",1.08444117668306,0.0818302564666805,0.749246265460575,1,3.49849253092115,3.42161432106593
"787",-0.108431696990383,1.05680984457079,0.750023159016776,1,3.50004631803355,3.42327157952989
"788",0.111591884445813,0.877198886376741,0.750052240297579,1,3.50010448059516,3.42333358972198
"789",0.199506501537268,0.814875518744703,0.757378853240003,1,3.51475770648001,3.43889629595708
"790",0.813682862526491,0.318509295246698,0.761334466946421,1,3.52266893389284,3.44724785664284
"791",-0.300449408355562,1.23108968301734,0.763577077592067,1,3.52715415518413,3.45196655629445
"792",0.928409395864299,0.237401660219589,0.771068193684911,1,3.54213638736982,3.46764218807109
"793",0.354968261014854,0.707578991673332,0.772589970550629,1,3.54517994110126,3.47081010213762
"794",0.697975193218088,0.428225822197285,0.773140567730266,1,3.54628113546053,3.47195490458147
"795",0.172793618387291,0.860725201506716,0.775999154068465,1,3.55199830813693,3.47788658103661
"796",-0.390127029647055,1.32650100979956,0.780765265840057,1,3.56153053168011,3.48773177565915
"797",0.482736237517578,0.615815905235884,0.782318152992759,1,3.56463630598552,3.49092738294266
"798",-0.421721870070189,1.35789672224165,0.785101948516834,1,3.57020389703367,3.49664100479918
"799",1.0590701295588,0.150750131650957,0.786585312115631,1,3.57317062423126,3.49967765650999
"800",0.443664903687416,0.660414845598517,0.792153462424534,1,3.58430692484907,3.5110273565565
"801",0.789394403514854,0.380364872232353,0.793886220587037,1,3.58777244117407,3.5145434447854
"802",0.927265399965311,0.267837713284678,0.793920332479047,1,3.58784066495809,3.51461258866644
"803",0.895171980275539,0.294117141465476,0.793978629192789,1,3.58795725838558,3.51473074777912
"804",0.17948365476,0.884243011592249,0.798447121941999,1,3.596894243884,3.52376242026733
"805",1.36782717942326,-0.0794552631681779,0.803544084288486,1,3.60708816857697,3.53400341916334
"806",0.822915978645871,0.366108310871623,0.804044041276272,1,3.60808808255254,3.53500446386379
"807",1.4717186861858,-0.154340661299736,0.811244862504239,1,3.62248972500848,3.54935371269005
"808",-0.111953783818969,1.1391658262168,0.811588264792848,1,3.6231765295857,3.55003482567128
"809",0.31939748709946,0.7982147182209,0.820299169707146,1,3.64059833941429,3.56721628106271
"810",2.12111710537568,-0.668287258473569,0.823859162875955,1,3.64771832575191,3.5741855353643
"811",0.839687083840494,0.380201146957726,0.825567283427392,1,3.65113456685478,3.57751880857905
"812",1.03811014600433,0.227473877123482,0.832759012260021,1,3.66551802452004,3.59147848769074
"813",2.2255869089066,-0.726529791439826,0.844817196005711,1,3.68963439201142,3.61462315335382
"814",-0.299991196799737,1.33854074940492,0.847098114155652,1,3.6941962283113,3.61896581651563
"815",2.06248097311935,-0.5884089887011,0.848647858363913,1,3.69729571672783,3.62191018095261
"816",1.21505358044614,0.105709229153927,0.850349375481201,1,3.7006987509624,3.62513718540438
"817",1.14395987779244,0.171955391542282,0.856699826681164,1,3.71339965336233,3.63712949166131
"818",0.142629293255087,0.989793097739716,0.856897122296627,1,3.71379424459325,3.63750079106794
"819",1.64781747281506,-0.238021407867191,0.857800686721542,1,3.71560137344308,3.63920028483578
"820",-0.00617079609070003,1.12738740834007,0.869367777320395,1,3.73873555464079,3.66082160182529
"821",0.200877790585033,0.960495422201605,0.871042824777262,1,3.74208564955452,3.66393272600697
"822",1.90361046750456,-0.425568152166132,0.874305297807331,1,3.74861059561466,3.66997853736614
"823",0.785262601468044,0.490414255310815,0.87651692510992,1,3.75303385021984,3.67406694597236
"824",-0.899364408462905,1.8677260871099,0.877926410684202,1,3.7558528213684,3.67666838710703
"825",0.406011748521125,0.808319726191298,0.882906144012819,1,3.76581228802564,3.68583437919156
"826",0.513762778404674,0.720877907513812,0.883321737444996,1,3.76664347488999,3.68659763307074
"827",0.976031734922396,0.353040939687306,0.890761006179767,1,3.78152201235953,3.70021778659502
"828",0.287422250114445,0.917581322264653,0.892537228098844,1,3.78507445619769,3.70345838669753
"829",-0.179428586945621,1.30459403176087,0.897053589295548,1,3.7941071785911,3.71167960562646
"830",2.45206344477497,-0.843653539081956,0.897329869178809,1,3.79465973835762,3.71218168381004
"831",1.84246362620766,-0.339180854116364,0.902547953096845,1,3.80509590619369,3.72164710878116
"832",0.382348337976121,0.859927093242833,0.907914983733288,1,3.81582996746658,3.73135031370895
"833",0.624633128202147,0.668871790996877,0.913158538878714,1,3.82631707775743,3.74080121075174
"834",-0.235905348023341,1.37616672118494,0.916774516157139,1,3.83354903231428,3.74730321151212
"835",-0.537940599062239,1.62315250200815,0.917065013944069,1,3.83413002788814,3.74782505062695
"836",1.47100571704891,-0.015668820922528,0.918208686903213,1,3.83641737380642,3.74987878246208
"837",1.63534745793173,-0.149672692795108,0.918348577250636,1,3.83669715450127,3.75012991041087
"838",0.545245641420171,0.748207518499229,0.924402673964375,1,3.84880534792875,3.76098262915354
"839",-0.0492211144061267,1.25156175626956,0.938325401657406,1,3.87665080331481,3.78584200887265
"840",0.901304802320198,0.479037612062348,0.941096147020816,1,3.88219229404163,3.79077568648923
"841",0.215849476577042,1.05114486202015,0.950728504558828,1,3.90145700911766,3.80790049376522
"842",0.0326639575014441,1.20148475627483,0.951324590974801,1,3.9026491819496,3.80895906386145
"843",0.580923071839757,0.760913361415587,0.956808965804905,1,3.91361793160981,3.81869337565867
"844",1.48709809651828,0.0271210867654153,0.961531321294434,1,3.92306264258887,3.82706880049452
"845",-0.604009754754033,1.73477526439336,0.96174183088512,1,3.92348366177024,3.82744204010788
"846",-0.580582172084415,1.71572507087688,0.961802518700421,1,3.92360503740084,3.82754963973537
"847",2.25184180012688,-0.596159778969415,0.962406424629467,1,3.92481284925893,3.82862032722081
"848",0.663198615687065,0.701092276716581,0.962507375703952,1,3.9250147514079,3.82879930036176
"849",0.543825968956194,0.799846880077944,0.963504471741487,1,3.92700894348297,3.8305669211745
"850",0.330141609857869,0.981726246989105,0.969241768533816,1,3.93848353706763,3.84073478822203
"851",0.569631366692422,0.794001588219469,0.975297494691774,1,3.95059498938355,3.85146312962928
"852",0.0220403186670302,1.26319290650818,0.992404539459453,1,3.98480907891891,3.88176826781025
"853",-0.673754508319701,1.83147737628526,0.992536509442271,1,3.98507301888454,3.88200212331234
"854",0.680810824800176,0.725604733448421,0.992633582128282,1,3.98526716425656,3.88217414077963
"855",1.47696958979247,0.0800180099725512,0.996099271713827,1,3.99219854342765,3.88831624053131
"856",-0.337143856258392,1.56169550530755,0.996455639798837,1,3.99291127959767,3.88894790414582
"857",-0.137027503269731,1.4017799338225,0.999150265264752,1,3.99830053052951,3.89372472397363
"858",0.0566982219802716,1.24939658028965,1.00363753380196,1,4.00727506760392,3.90168196494508
"859",1.64235903904485,-0.0357906382961913,1.01099575061517,1,4.02199150123034,3.91473842261618
"860",1.10246464075191,0.405251063186807,1.01116598466613,1,4.02233196933227,3.91504062086197
"861",-0.50873701541522,1.73675433231895,1.02353058135532,1,4.04706116271063,3.93700866243411
"862",-0.42139311357139,1.66554121783918,1.02361027398351,1,4.04722054796702,3.93715037761289
"863",0.845891777793581,0.6311873447821,1.02390454930294,1,4.04780909860588,3.93767369398074
"864",1.33675821086468,0.236970883942331,1.02899698286174,1,4.05799396572349,3.94673343219711
"865",0.756125511499489,0.71419105109151,1.0314257720372,1,4.06285154407441,3.95105694664941
"866",0.771745490447405,0.710878338003173,1.03873869760868,1,4.07747739521737,3.96408508903545
"867",0.750501453155831,0.731294884788501,1.04111737783822,1,4.08223475567645,3.96832617324821
"868",-1.16761926209419,2.31062215524751,1.05133296370975,1,4.10266592741951,3.98655956887836
"869",0.459589441005854,0.998006417077925,1.0637223309786,1,4.12744466195721,4.00871547520933
"870",0.041230624270294,1.3465957766142,1.06914513978896,1,4.13829027957791,4.01842764690702
"871",1.29851372621074,0.333703016885386,1.0797374349589,1,4.1594748699178,4.03742322571296
"872",0.878203626952291,0.682819359693532,1.08433434383023,1,4.16866868766046,4.0456770527598
"873",-0.0589340902617142,1.44876163078747,1.08493274232144,1,4.16986548464288,4.04675192378427
"874",0.232631769508576,1.21326617219957,1.08692118544163,1,4.17384237088326,4.05032437242775
"875",1.43457370342612,0.239770836976316,1.09302976654498,1,4.18605953308997,4.06130588384079
"876",1.87466882681447,-0.118928794989076,1.09352282177445,1,4.18704564354891,4.06219270098609
"877",-0.471683425529536,1.80219361684425,1.09765438109107,1,4.19530876218213,4.06962635434225
"878",1.70596400724007,0.0277243043419803,1.10042152762966,1,4.20084305525932,4.07460764679168
"879",0.850232257121884,0.729021188511351,1.10243147895757,1,4.20486295791515,4.07822713727129
"880",-0.366703258827641,1.74022371067158,1.11604798536094,1,4.23209597072188,4.10277528110853
"881",0.986039270447351,0.636155160280066,1.1163896596706,1,4.2327793193412,4.10339187821858
"882",-0.204346400211973,1.61876495103269,1.12464992808954,1,4.24929985617908,4.1183079197907
"883",-0.0989732047696172,1.53770362315414,1.12850395389611,1,4.25700790779223,4.12527352765968
"884",-0.238646624327644,1.65250784116715,1.12909369190632,1,4.25818738381265,4.12633974831748
"885",0.235021308250671,1.27310478693794,1.13478325410644,1,4.26956650821289,4.1366311267928
"886",1.59722809034381,0.173738245752238,1.14475280813707,1,4.28950561627414,4.1546865203278
"887",1.17349757263239,0.526454827480802,1.14997518751217,1,4.29995037502435,4.16415661462324
"888",-0.523828118987356,1.91905555730777,1.15519605109161,1,4.31039210218322,4.17363292869372
"889",0.166989279752984,1.36040595029052,1.15937921168143,1,4.31875842336286,4.18123261453765
"890",1.30347768300503,0.434662616797647,1.16107988671421,1,4.32215977342843,4.18432413160565
"891",1.46026574621257,0.309580835634518,1.16335343357492,1,4.32670686714983,4.18845875740141
"892",1.61439149545836,0.191888173488759,1.16966677222199,1,4.33933354444397,4.19995101047283
"893",0.765932222984396,0.887132366440585,1.17158784781052,1,4.34317569562105,4.20345133971878
"894",1.07777130745133,0.637293717087771,1.17528801624947,1,4.35057603249894,4.21019801228252
"895",2.54899107071786,-0.560621441018386,1.17786800286175,1,4.3557360057235,4.21490604829728
"896",-0.648768350598479,2.05144574665044,1.17872591014067,1,4.35745182028133,4.21647230871697
"897",1.91305942169705,-0.0382798333329007,1.18027358296266,1,4.36054716592532,4.21929879837882
"898",0.985443389404868,0.740250448769812,1.19664465515673,1,4.39328931031347,4.24927926221309
"899",1.75544950988335,0.112501115920876,1.19738674340979,1,4.39477348681958,4.25064218917895
"900",0.678212556818783,1.00497054260798,1.20738611844469,1,4.41477223688938,4.26904550532584
"901",-0.0274014036111113,1.58845608343746,1.21308262216769,1,4.42616524433539,4.27956436719649
"902",-0.195934618716253,1.72798372110598,1.2145705013482,1,4.42914100269639,4.28231632889576
"903",0.808619272846293,0.908806031286424,1.21537385724172,1,4.43074771448345,4.28380301487601
"904",0.972916753376122,0.776397866020907,1.21672178390696,1,4.43344356781392,4.28629877829133
"905",1.16457524565738,0.625777695216517,1.22126737498582,1,4.44253474997163,4.29472757799986
"906",0.95382348170826,0.799504819252123,1.22254470762522,1,4.44508941525044,4.29709966419354
"907",0.143132159050427,1.46218762817709,1.22313039239545,1,4.4462607847909,4.29818785411753
"908",-0.254874652654534,1.8114726960111,1.24196383270557,1,4.48392766541113,4.33337739979269
"909",0.264364269837939,1.39377222154027,1.24680996541744,1,4.49361993083489,4.34250076638804
"910",1.82420830237829,0.120334174235857,1.24694108297993,1,4.49388216595986,4.34274803691737
"911",1.62289757854462,0.288417188128587,1.249817544751,1,4.499635089502,4.34817850264271
"912",-0.204438825066372,1.79100040628948,1.25800448344629,1,4.51600896689257,4.36369821756135
"913",1.58515916403119,0.331159378564868,1.25905763406983,1,4.51811526813966,4.36570176756193
"914",1.98373220068438,0.0095668217321382,1.26203283264512,1,4.52406566529024,4.37137102693152
"915",1.62729133795333,0.310060014523554,1.26936086343398,1,4.53872172686795,4.38539431516375
"916",1.65604303699874,0.287494615574119,1.27006595168427,1,4.54013190336855,4.38674823666871
"917",1.39905531466027,0.506322996983902,1.2770363804021,1,4.5540727608042,4.40017861860541
"918",2.70577504719934,-0.557332767972808,1.27957429130903,1,4.55914858261806,4.40508975153016
"919",0.515883050535119,1.23457434503052,1.28257026478497,1,4.56514052956994,4.41090231271265
"920",-0.113421048996398,1.76428939137332,1.29487891624902,1,4.58975783249805,4.43496083339964
"921",0.62021020366732,1.16818849176814,1.29713028910296,1,4.59426057820592,4.43939360501178
"922",0.838129379964693,1.00785686060396,1.31076213021463,1,4.62152426042926,4.46645839626989
"923",0.831140617306835,1.02212713265116,1.31739575380653,1,4.63479150761305,4.47977362131219
"924",0.457981777842779,1.32764021610568,1.31803879831379,1,4.63607759662757,4.48106955034117
"925",1.4514436318915,0.528304906714093,1.3271967755095,1,4.65439355101899,4.49962707324419
"926",1.05756608653532,0.859125443031511,1.33433922855329,1,4.66867845710658,4.51423404340455
"927",0.129085401165474,1.62143793299213,1.33760119834939,1,4.67520239669877,4.52094460498665
"928",1.5029616611284,0.502234891378463,1.33958589105379,1,4.67917178210759,4.52503974964802
"929",-0.19254933635981,1.89306931649983,1.34458629423385,1,4.68917258846769,4.53539852804151
"930",1.1123628412626,0.838838981915193,1.35328191400665,1,4.7065638280133,4.5535529329527
"931",-0.183050797719434,1.91109999055511,1.36456019761058,1,4.72912039522117,4.57736494080134
"932",1.20848487568464,0.777973456008385,1.36692859278816,1,4.73385718557632,4.58240318326081
"933",0.984779968314556,0.966288876967133,1.37131368442032,1,4.74262736884065,4.59176576316424
"934",0.729481458103667,1.18681094721476,1.38066439042554,1,4.76132878085107,4.61187675117101
"935",1.16910851401363,0.833036529812836,1.38467646858509,1,4.76935293717019,4.62056554601251
"936",1.44949626528713,0.607253639869464,1.38711857847065,1,4.77423715694131,4.62587152517124
"937",1.63559944628363,0.458337508562438,1.3894706255142,1,4.7789412510284,4.63099395242771
"938",1.89122701735548,0.258693836431119,1.39650037351087,1,4.79300074702174,4.64637314388085
"939",0.155053234874317,1.72133657883607,1.43140585676593,1,4.86281171353185,4.72411442173499
"940",0.353625448927287,1.55928992867054,1.43147315657194,1,4.86294631314388,4.72426623250831
"941",-1.20706574938542,2.83865037329271,1.43539371356645,1,4.87078742713289,4.7331206749593
"942",3.04376588609529,-0.631095643574095,1.43620198939104,1,4.87240397878209,4.73494868310359
"943",1.011654376514,1.0589428664717,1.46008002421836,1,4.92016004843672,4.78927818249204
"944",1.36754431457543,0.770281831532852,1.46156870813701,1,4.92313741627401,4.79268227755113
"945",0.491834371466622,1.49031681651168,1.46545781126289,1,4.93091562252578,4.80158208677076
"946",2.05816198776349,0.213338274657177,1.46694705195362,1,4.93389410390724,4.80499242975344
"947",-0.285261077847069,2.1457724633933,1.48169325633628,1,4.96338651267255,4.83881121900153
"948",0.996110015873762,1.11020188083973,1.4899539691376,1,4.9799079382752,4.8577761057004
"949",0.338596047099905,1.64836403104856,1.49096423126075,1,4.98192846252151,4.86009547976955
"950",0.982505442732795,1.12319339262944,1.49141286335436,1,4.98282572670871,4.86112543046094
"951",-0.537658781205147,2.36667774984083,1.49317543167496,1,4.98635086334991,4.86517165831788
"952",0.694047378599404,1.36378278959672,1.49533571047914,1,4.99067142095829,4.87013029418909
"953",2.23938816916782,0.130674329349403,1.51753333623037,1,5.03506667246073,4.92098757090895
"954",0.863202615558153,1.25534903674231,1.51832645207179,1,5.03665290414358,4.92279973920637
"955",1.79220701161545,0.500327566835775,1.52104330584642,1,5.04208661169285,4.92900391854675
"956",1.61978987753494,0.646765808636527,1.52542770992825,1,5.0508554198565,4.93900388506775
"957",0.183247523067191,1.83713798241734,1.53893687181281,1,5.07787374362561,4.96970484045183
"958",2.04940300167091,0.329745959489448,1.55157638768955,1,5.1031527753791,4.99824911361277
"959",0.807579776908013,1.36032915300938,1.56446472845715,1,5.1289294569143,5.02714561284962
"960",-0.278658261975666,2.2512373793022,1.56756201634601,1,5.13512403269202,5.0340558019384
"961",1.72807759473682,0.616035157222382,1.57011101549486,1,5.14022203098972,5.03973244044727
"962",1.6628564474304,0.672537520494777,1.57262808247041,1,5.14525616494081,5.0453287312246
"963",0.672794070486354,1.48301396713142,1.57425001117715,1,5.1485000223543,5.0489299223978
"964",1.93516726396696,0.452936785927335,1.57475056726263,1,5.14950113452527,5.05004053370977
"965",-0.534963586582989,2.48798211188465,1.58884197722725,1,5.17768395445451,5.08115293869817
"966",0.511254541203706,1.66201369337859,1.61073603398641,1,5.22147206797282,5.1289061645109
"967",0.944354811296923,1.3246687046161,1.62334639105142,1,5.24669278210284,5.15610182065883
"968",0.711175257270441,1.52120503044543,1.62810707552258,1,5.25621415104516,5.16631495025021
"969",1.54998338398246,0.843745493119078,1.63385801441754,1,5.26771602883507,5.17861613550052
"970",-0.0400016262060736,2.19441619604762,1.67448822660368,1,5.34897645320735,5.26467797522653
"971",0.354503660926992,1.94601289318599,1.73158290684231,1,5.46316581368463,5.38547302408784
"972",0.372566114312583,1.93356318327622,1.73336310157901,1,5.46672620315801,5.38928697946202
"973",0.106589229118385,2.21628615060018,1.78414081795206,1,5.56828163590411,5.50073838740292
"974",2.24975551737932,0.667926066055931,1.94024362875633,1,5.88048725751266,5.88781969135125
"975",0.679041911007479,1.96934214355891,1.95490967809701,1,5.90981935619403,5.92628956098989
"976",0.970024192661124,1.73834756167675,1.96001539811389,1,5.92003079622778,5.93965282715527
"977",0.677415500438328,1.98361279735226,1.96493504663142,1,5.92987009326284,5.95250477885164
"978",0.629536099884472,2.06154173672831,1.99501695175889,1,5.99003390351778,6.030228141819
"979",1.20673873333927,1.61314236312372,2.0127432891077,1,6.0254865782154,6.07498451376875
"980",1.7043293978271,1.24488515422557,2.04219645011467,1,6.08439290022933,6.14687153597315
"981",1.67432650967139,1.28836555364712,2.05690073009283,1,6.11380146018565,6.18135747633293
"982",1.46328304519325,1.51762043476706,2.10100519080693,1,6.20201038161386,6.27811756501784
"983",1.76744347000481,1.27662827278851,2.10670140812283,1,6.21340281624566,6.28982211238658
"984",1.4667226423107,1.53602552724256,2.11743710636043,1,6.23487421272086,6.31136388436089
"985",1.06012390548736,1.89879341048035,2.14128028000239,1,6.28256056000478,6.35674463304969
"986",2.41583517848934,0.810886346611988,2.15601818633619,1,6.31203637267237,6.38308153680813
"987",1.81096073048314,1.30843415646089,2.15886087180621,1,6.31772174361241,6.38801097263266
"988",2.91914013071762,0.414020908339107,2.16692554104967,1,6.33385108209934,6.40173230708169
"989",0.197890598879292,2.72182079111356,2.23347032306745,1,6.46694064613489,6.50074066873482
"990",-0.0879736711840128,3.00698913532969,2.27356433365806,1,6.54712866731613,6.54964614619927
"991",2.3578173876011,1.01301450116396,2.27589230880843,1,6.55178461761686,6.55228441364536
"992",2.07027086133094,1.32466251572322,2.33543343160513,1,6.67086686321025,6.6145897819355
"993",3.19590119785739,0.441877430813716,2.36354217853924,1,6.72708435707849,6.64221384015388
"994",1.79706242855231,1.61410534867561,2.38684270123677,1,6.77368540247354,6.66536745487133
"995",0.762541730885853,2.46686703704788,2.39310072646419,1,6.78620145292837,6.67172332795513
"996",2.04667724022033,1.4507741343087,2.41819715512198,1,6.83639431024396,6.69820077082613
"997",1.77708444814343,1.69551738399813,2.43726900840531,1,6.87453801681061,6.71977856409486
"998",2.27348352044748,1.62433919851645,2.69608496238363,1,7.39216992476726,7.24827559781449
"999",0.346083489865367,3.36956873403683,2.82893913587604,1,7.65787827175208,7.59029127644102
"1000",2.34596566433491,1.75203363799169,2.84083838275707,1,7.68167676551415,7.6165032969618
